Date,Home Team,Home Score,Away Team,Away Score
2025-08-28,St. Pius X (Festus),1,Affton,5
2025-08-28,Ozark,2,Capital City,1
2025-08-28,William Chrisman,1,Center,2
2025-08-28,Union,3,DeSoto,0
2025-08-28,Windsor (Imperial),0,Farmington,6
2025-08-28,Bishop DuBourg,0,Fox,1
2025-08-28,Holt,0,Ft. Zumwalt North,7
2025-08-28,Helias Catholic,1,Ft. Zumwalt South,2
2025-08-28,Monett,0,Hillcrest,1
2025-08-28,Rockwood Summit,3,Jackson,2
2025-08-28,Francis Howell,4,Liberty (Wentzville),2
2025-08-28,Troy Buchanan,0,Lutheran St. Charles,1
2025-08-28,Ladue Horton Watkins,2,Mehlville,1
2025-08-28,Eugene,0,Mexico,10
2025-08-28,Christian Fellowship Sr.,0,Moberly,5
2025-08-28,McDonald County,1,Neosho,3
2025-08-28,Eureka,1,Oakville,3
2025-08-28,Lafayette (Wildwood),0,Parkway West,2
2025-08-28,Clinton,1,Savannah,0
2025-08-28,Willard,2,Savannah,3
2025-08-28,Kirksville,3,Southern Boone,2
2025-08-28,Gateway Science Charter,0,Valley Park,3
2025-08-28,Bayless,2,Vianney,7
2025-08-29,Greenwood,1,Aurora,0
2025-08-29,Sacred Heart,0,Clinton,1
2025-08-29,Fair Grove,2,Crocker,0
2025-08-29,Francis Howell Central,2,Ft. Zumwalt East,3
2025-08-29,Republic,2,Hillcrest,0
2025-08-29,Northwest (Cedar Hill),5,Hillsboro,0
2025-08-29,Lutheran South,1,John Burroughs,2
2025-08-29,Camdenton,4,Joplin,3
2025-08-29,Rock Bridge,5,Kickapoo,0
2025-08-29,Blue Springs South,1,Lee's Summit,0
2025-08-29,North Point,2,Liberty (Wentzville),9
2025-08-29,Willard,0,Logan-Rogersville,3
2025-08-29,Ft. Zumwalt West,0,Marquette,1
2025-08-29,Lebanon,2,Marshfield,2
2025-08-29,Principia,2,MICDS,1
2025-08-29,Republic,1,Monett,2
2025-08-29,Hickman,1,Nixa,3
2025-08-29,Bolivar,0,Northeast (Kansas City),2
2025-08-29,Marshall,3,Oak Park,2
2025-08-29,Savannah,7,Odessa,0
2025-08-29,Westminster Christian Academy,2,Priory,1
2025-08-29,Liberty North,0,Rockhurst,4
2025-08-29,Fatima,2,Smithton,1
2025-08-29,Father Tolton,0,Springfield Catholic,8
2025-08-29,Whitfield,0,St. Dominic,8
2025-08-29,Maplewood-Richmond Hts.,4,STEAM Academy,0
2025-08-29,St. Charles West,0,Webb City,2
2025-08-29,Branson,1,Webb City,0
2025-08-29,Ft. Zumwalt South,2,Webster Groves,1
2025-08-30,Marshall,2,Bolivar,0
2025-08-30,Republic,1,Branson,3
2025-08-30,Springfield Catholic,3,Capital City,1
2025-08-30,Camdenton,1,Carthage,6
2025-08-30,Ladue Horton Watkins,4,Clayton,1
2025-08-30,Northeast (Kansas City),8,Clinton,0
2025-08-30,Lebanon,1,Crocker,1
2025-08-30,Lebanon,0,Fair Grove,2
2025-08-30,Neosho,0,Hannibal,0
2025-08-30,Rolla,1,Hannibal,0
2025-08-30,Webb City,2,Hillcrest,1
2025-08-30,Notre Dame (Cape Girardeau),3,John Burroughs,1
2025-08-30,Hickman,1,Kickapoo,0
2025-08-30,Liberty,2,Lee's Summit West,0
2025-08-30,Fair Grove,2,Marshfield,1
2025-08-30,Crocker,0,Marshfield,2
2025-08-30,Jefferson City,1,Moberly,0
2025-08-30,West Plains,5,New Covenant Academy,1
2025-08-30,Rock Bridge,2,Nixa,1
2025-08-30,Savannah,1,Oak Park,0
2025-08-30,Sacred Heart,3,Odessa,0
2025-08-30,Neosho,1,Rolla,0
2025-08-30,Chaminade College Prep,2,SLUH,1
2025-08-30,Helias Catholic,1,Webster Groves,3
2025-09-01,Lincoln College Prep,0,Blue Springs South,0
2025-09-01,Platte County,0,Park Hill,2
2025-09-02,Lebanon,3,Aurora,0
2025-09-02,Raymore-Peculiar,1,Belton,5
2025-09-02,Lafayette (St. Joseph),1,Benton,3
2025-09-02,Platte County,0,Blue Springs South,4
2025-09-02,Clinton,4,Boonville,0
2025-09-02,DeSoto,4,Brentwood,3
2025-09-02,Chillicothe,4,Cameron,2
2025-09-02,Waynesville,0,Carthage,6
2025-09-02,Oak Grove,1,Center,3
2025-09-02,Rockwood Summit,1,Christian Brothers College,2
2025-09-02,Chaminade College Prep,1,Clayton,1
2025-09-02,Hickman,0,De Smet Jesuit,5
2025-09-02,Parkway South,4,Eureka,3
2025-09-02,St. Charles,1,Father Tolton,3
2025-09-02,Fulton,5,Fatima,2
2025-09-02,Fredericktown,1,Festus,1
2025-09-02,Timberland,0,Francis Howell Central,2
2025-09-02,North Point,1,Ft. Zumwalt South,2
2025-09-02,Kearney,0,Grandview,1
2025-09-02,West Plains,2,Greenwood,0
2025-09-02,Paseo Academy,1,Guadalupe Centers Charter,9
2025-09-02,Marshall,6,Harrisonville,0
2025-09-02,Savannah,3,Helias Catholic,1
2025-09-02,Fair Grove,2,Hillcrest,3
2025-09-02,Belle,1,Iberia,2
2025-09-02,Capital City,3,Jefferson City,0
2025-09-02,Cardinal Ritter,0,Jennings,2
2025-09-02,Lafayette (Wildwood),3,Kirkwood,4
2025-09-02,Rockhurst,2,Lee's Summit West,1
2025-09-02,Park Hill,0,Lincoln College Prep,0
2025-09-02,Sacred Heart,3,Lutheran (Kansas City),0
2025-09-02,McDonald County,4,Marshfield,2
2025-09-02,Warrenton,7,Missouri Military Academy,1
2025-09-02,Eugene,0,Moberly,8
2025-09-02,Ozark,3,Neosho,0
2025-09-02,Branson,2,Nixa,4
2025-09-02,Winnetonka,0,North Kansas City,4
2025-09-02,Oakville,2,Northwest (Cedar Hill),0
2025-09-02,Perryville,3,Notre Dame (Cape Girardeau),2
2025-09-02,Smithville,0,Oak Park,2
2025-09-02,William Chrisman,2,Odessa,1
2025-09-02,Ft. Zumwalt East,3,Orchard Farm,0
2025-09-02,Webster Groves,2,Pacific,5
2025-09-02,Platte County,0,Park Hill,2
2025-09-02,Logan-Rogersville,5,Parkview,2
2025-09-02,Parkway North,0,Pattonville,3
2025-09-02,St. Charles,5,Pleasant Hill,1
2025-09-02,Springfield Catholic,3,Republic,0
2025-09-02,Parkway West,5,Ritenour,0
2025-09-02,Liberty North,2,Rock Bridge,3
2025-09-02,Camdenton,3,Rolla,1
2025-09-02,Excelsior Springs,8,Ruskin,0
2025-09-02,Fort Osage,9,Savannah,1
2025-09-02,Hillsboro,1,Seckman,5
2025-09-02,Marquette,0,SLUH,1
2025-09-02,Osage,0,Southern Boone,1
2025-09-02,North County,0,St. Charles West,4
2025-09-02,Vianney,0,St. Dominic,2
2025-09-02,Parkway Central,1,St. Francis Borgia,0
2025-09-02,Park Hill South,4,Staley,1
2025-09-02,Ft. Zumwalt North,0,Troy Buchanan,1
2025-09-02,Veritas Christian Academy,1,University City,0
2025-09-02,Lee's Summit,2,Van Horn,3
2025-09-02,Lone Jack,4,Warrensburg,1
2025-09-02,Webb City,2,Washington,5
2025-09-02,Carl Junction,4,Webb City,0
2025-09-02,Bayless,0,Webster Groves,7
2025-09-02,Union,5,Windsor (Imperial),0
2025-09-02,Wright City,2,Winfield,3
2025-09-03,Bishop DuBourg,2,Affton,10
2025-09-03,Central (St. Joseph),8,Benton,0
2025-09-03,Platte County,0,Blue Springs South,4
2025-09-03,Central (Springfield),0,Carl Junction,3
2025-09-03,Holt,1,Duchesne,0
2025-09-03,Pacific,8,Festus,0
2025-09-03,St. Pius X (Festus),3,Fox,4
2025-09-03,Webster Groves,9,Fredericktown,1
2025-09-03,Excelsior Springs,6,Grandview,3
2025-09-03,Principia,1,John Burroughs,2
2025-09-03,Barstow,1,Lone Jack,0
2025-09-03,MICDS,1,Lutheran South,2
2025-09-03,Lutheran (Kansas City),0,Maryville,3
2025-09-03,Vianney,2,Mehlville,0
2025-09-03,Fort Osage,0,North Kansas City,1
2025-09-03,Raytown South,0,Pleasant Hill,3
2025-09-03,Whitfield,2,Priory,8
2025-09-03,Kearney,6,Ruskin,0
2025-09-03,Raytown,0,Savannah,7
2025-09-03,Westminster Christian Academy,1,St. Dominic,0
2025-09-03,Lutheran St. Charles,2,Union,1
2025-09-04,Park Hill,1,Blue Springs South,0
2025-09-04,Cassville,1,Bolivar,4
2025-09-04,Kirkwood,0,Chaminade College Prep,1
2025-09-04,Lindbergh,0,Christian Brothers College,1
2025-09-04,Wright City,0,Christian Fellowship Sr.,5
2025-09-04,Webster Groves,0,Clayton,2
2025-09-04,Frontier STEM,2,Cristo Rey,7
2025-09-04,North County,0,DeSoto,5
2025-09-04,Belle,1,Eugene,2
2025-09-04,Willard,4,Fair Grove,1
2025-09-04,Willard,1,Fatima,4
2025-09-04,Webster Groves,8,Festus,0
2025-09-04,Ft. Zumwalt West,1,Francis Howell,0
2025-09-04,Troy Buchanan,1,Francis Howell Central,2
2025-09-04,Pacific,3,Fredericktown,0
2025-09-04,Ft. Zumwalt East,3,Ft. Zumwalt North,0
2025-09-04,Mexico,2,Fulton,3
2025-09-04,Kirksville,2,Hannibal,0
2025-09-04,Grain Valley,1,Harrisonville,0
2025-09-04,Ozark,2,Helias Catholic,0
2025-09-04,Eureka,1,Ladue Horton Watkins,2
2025-09-04,Bishop LeBlond,1,Lafayette (St. Joseph),9
2025-09-04,Rockwood Summit,1,Lafayette (Wildwood),2
2025-09-04,Lee's Summit West,3,Lee's Summit,0
2025-09-04,Central (St. Joseph),0,Liberty,5
2025-09-04,Francis Howell North,1,Liberty (Wentzville),4
2025-09-04,Platte County,1,Lincoln College Prep,4
2025-09-04,Aurora,0,Logan-Rogersville,8
2025-09-04,Chillicothe,0,Marshall,8
2025-09-04,Sacred Heart,1,Maryville,1
2025-09-04,Webb City,0,McDonald County,3
2025-09-04,Moberly,3,Missouri Military Academy,5
2025-09-04,Monett,0,Nixa,3
2025-09-04,Timberland,4,North Point,3
2025-09-04,St. Charles,7,Oak Grove,2
2025-09-04,Staley,6,Oak Park,0
2025-09-04,Mehlville,0,Oakville,1
2025-09-04,Knob Noster,1,Odessa,6
2025-09-04,Winfield,1,Orchard Farm,3
2025-09-04,Springfield Catholic,8,Osage,0
2025-09-04,Hillcrest,2,Parkview,3
2025-09-04,Ritenour,5,Parkway North,0
2025-09-04,Marquette,0,Parkway West,4
2025-09-04,Parkway South,4,Pattonville,3
2025-09-04,William Chrisman,1,Raytown,6
2025-09-04,Father Tolton,2,Rock Bridge,3
2025-09-04,Winnetonka,3,Savannah,2
2025-09-04,Affton,6,Seckman,2
2025-09-04,Boonville,2,Smithton,0
2025-09-04,Holt,0,St. Charles,3
2025-09-04,Summit Christian Academy,8,St. Paul Lutheran (Concordia),0
2025-09-04,St. Michael the Archangel,4,St. Pius X (Kansas City),3
2025-09-04,University City,2,STEAM Academy,0
2025-09-04,Joplin,4,Thomas Jefferson Independent Day,1
2025-09-04,Liberty North,1,Van Horn,4
2025-09-04,Valley Park,0,Veritas Christian Academy,1
2025-09-04,Barstow,1,Warrensburg,0
2025-09-04,St. Charles West,1,Warrenton,4
2025-09-04,Ft. Zumwalt South,1,Washington,0
2025-09-04,Webb City,1,Waynesville,3
2025-09-04,Camdenton,2,West Plains,1
2025-09-04,Hillsboro,3,Windsor (Imperial),2
2025-09-05,Fox,0,Affton,6
2025-09-05,St. Pius X (Festus),2,Bishop DuBourg,1
2025-09-05,Jefferson City,0,Central (Springfield),1
2025-09-05,Smithton,1,Christian Fellowship Sr.,9
2025-09-05,Westminster Christian Academy,3,John Burroughs,0
2025-09-05,Pembroke Hill,5,Kickapoo,1
2025-09-05,Priory,3,Lutheran South,0
2025-09-05,Lutheran North,1,Lutheran St. Charles,8
2025-09-05,Whitfield,4,MICDS,2
2025-09-05,Lebanon,3,Neosho,1
2025-09-05,Excelsior Springs,1,North Kansas City,4
2025-09-05,Parkway West,0,Northeast (Kansas City),2
2025-09-05,St. Francis Borgia,1,Notre Dame (Cape Girardeau),2
2025-09-05,Lafayette (Wildwood),2,Parkway Central,4
2025-09-05,St. Dominic,2,Principia,0
2025-09-05,Republic,0,Ritenour,1
2025-09-05,Maplewood-Richmond Hts.,1,Roosevelt,0
2025-09-05,Glendale,1,SLUH,0
2025-09-05,Hancock,0,St. Charles West,4
2025-09-05,New Covenant Academy,1,Willard,8
2025-09-06,Christian Brothers College,1,Chaminade College Prep,2
2025-09-06,Ft. Zumwalt South,4,Hickman,1
2025-09-06,St. Francis Borgia,0,Jackson,6
2025-09-06,Sacred Heart,1,Lone Jack,2
2025-09-06,Barstow,2,Maryville,1
2025-09-06,Farmington,0,Northwest (Cedar Hill),1
2025-09-06,Liberty (Wentzville),1,Oakville,2
2025-09-06,Carthage,3,Raymore-Peculiar,2
2025-09-06,Webster Groves,0,Rockwood Summit,1
2025-09-06,Pembroke Hill,0,Springfield Catholic,5
2025-09-06,Lebanon,1,Thomas Jefferson Independent Day,2
2025-09-06,Ladue Horton Watkins,1,Timberland,0
2025-09-06,Republic,1,Troy Buchanan,6
2025-09-06,Parkway West,2,Van Horn,0
2025-09-06,Glendale,3,Vianney,2
2025-09-06,Lutheran (Kansas City),1,Warrensburg,4
2025-09-06,Greenwood,1,Willard,2
2025-09-08,Fulton,9,Calvary Lutheran,1
2025-09-08,Rock Bridge,4,Camdenton,0
2025-09-08,Willard,3,Cassville,1
2025-09-08,Fair Grove,0,Central (Springfield),3
2025-09-08,Rockwood Summit,2,Chaminade College Prep,1
2025-09-08,Seckman,2,Fox,0
2025-09-08,Hannibal,0,Ft. Zumwalt South,6
2025-09-08,Raytown South,0,Grandview,7
2025-09-08,Cardinal Ritter,0,Hancock,4
2025-09-08,St. Francis Borgia,1,Helias Catholic,3
2025-09-08,Clayton,2,Lafayette (Wildwood),1
2025-09-08,Lutheran North,0,MICDS,6
2025-09-08,Southern Boone,3,Moberly,1
2025-09-08,Parkway Central,3,Northwest (Cedar Hill),0
2025-09-08,Winfield,0,Pacific,4
2025-09-08,Lee's Summit,1,Park Hill South,4
2025-09-08,Parkway North,0,Parkway South,5
2025-09-08,Park Hill,1,Platte County,2
2025-09-08,St. Charles,2,Raytown,1
2025-09-08,Ft. Zumwalt North,2,Ritenour,4
2025-09-08,Father Tolton,7,Sacred Heart,0
2025-09-08,Bishop DuBourg,0,Sikeston,2
2025-09-08,Center,2,Savannah,4
2025-09-08,North Kansas City,1,St. Pius X (Kansas City),2
2025-09-08,Central (St. Joseph),0,Staley,7
2025-09-08,Osage,0,Webb City,2
2025-09-08,Ft. Zumwalt West,4,Union,0
2025-09-08,Grain Valley,1,Van Horn,3
2025-09-08,Duchesne,0,Westminster Christian Academy,8
2025-09-08,North Point,2,Whitfield,1
2025-09-08,Fort Osage,8,William Chrisman,0
2025-09-08,Roosevelt,2,Windsor (Imperial),3
2025-09-09,Fox,0,Affton,5
2025-09-09,West Plains,5,Aurora,0
2025-09-09,Gateway Science Charter,0,Bayless,8
2025-09-09,Ruskin,1,Belton,5
2025-09-09,Park Hill South,0,Blue Springs,1
2025-09-09,Valley Park,1,Brentwood,0
2025-09-09,Pleasant Hill,8,Cameron,0
2025-09-09,Willard,3,Cassville,1
2025-09-09,New Covenant Academy,0,Central (Springfield),3
2025-09-09,Savannah,2,Central (St. Joseph),10
2025-09-09,Lafayette (St. Joseph),0,Chillicothe,2
2025-09-09,Calvary Lutheran,2,Christian Fellowship Sr.,10
2025-09-09,Fatima,2,Crocker,3
2025-09-09,Kennett,8,Dexter,0
2025-09-09,Central (Cape Girardeau),1,Farmington,4
2025-09-09,Francis Howell Central,0,Francis Howell North,2
2025-09-09,Washington,0,Ft. Zumwalt East,4
2025-09-09,St. Dominic,5,Ft. Zumwalt North,0
2025-09-09,Eureka,3,Ft. Zumwalt South,1
2025-09-09,Boonville,2,Fulton,3
2025-09-09,STEAM Academy,2,Hancock,3
2025-09-09,Jefferson City,0,Hickman,1
2025-09-09,Warrenton,3,Holt,0
2025-09-09,Smithton,6,Iberia,1
2025-09-09,Father Tolton,6,Kirksville,2
2025-09-09,La Monte,5,Knob Noster,0
2025-09-09,Oakville,0,Ladue Horton Watkins,3
2025-09-09,Webb City,2,Logan-Rogersville,4
2025-09-09,John Burroughs,1,Lutheran South,2
2025-09-09,Priory,4,Marquette,0
2025-09-09,Willard,5,Marshfield,0
2025-09-09,Kearney,0,Maryville,3
2025-09-09,Hillcrest,2,McDonald County,3
2025-09-09,Marshall,8,Mexico,0
2025-09-09,Lafayette (Wildwood),3,MICDS,0
2025-09-09,Eugene,0,Missouri Military Academy,15
2025-09-09,Canton,0,Moberly,8
2025-09-09,Thomas Jefferson Independent Day,1,Monett,4
2025-09-09,Carl Junction,2,Neosho,1
2025-09-09,Hillsboro,8,North County,1
2025-09-09,Lone Jack,1,Oak Grove,0
2025-09-09,Branson,0,Ozark,7
2025-09-09,Webb City,0,Pacific,1
2025-09-09,Mehlville,5,Parkway South,4
2025-09-09,St. Paul Lutheran (Concordia),5,Paseo Academy,0
2025-09-09,Lee's Summit West,5,Pembroke Hill,4
2025-09-09,Glendale,3,Republic,1
2025-09-09,Pattonville,3,Seckman,1
2025-09-09,DeSoto,4,Sikeston,3
2025-09-09,Lindbergh,0,SLUH,3
2025-09-09,Barstow,0,Smithville,1
2025-09-09,Nixa,0,Springfield Catholic,4
2025-09-09,Orchard Farm,4,St. Charles West,0
2025-09-09,St. Pius X (Festus),1,Webster Groves,3
2025-09-09,Harrisonville,1,St. Pius X (Kansas City),4
2025-09-09,Liberty,2,Staley,1
2025-09-09,Rock Bridge,1,Willard,2
2025-09-09,Odessa,0,Summit Christian Academy,7
2025-09-09,De Smet Jesuit,6,Timberland,3
2025-09-09,Francis Howell,2,Troy Buchanan,0
2025-09-09,Union,0,Veritas Christian Academy,4
2025-09-09,Kirkwood,2,Vianney,0
2025-09-09,Perryville,8,Windsor (Imperial),0
2025-09-09,St. Charles,3,Winfield,0
2025-09-10,Parkway South,3,Affton,2
2025-09-10,Grain Valley,2,Belton,3
2025-09-10,Northeast (Kansas City),10,Bishop LeBlond,0
2025-09-10,Central (St. Joseph),1,Blue Springs,4
2025-09-10,St. Paul Lutheran (Concordia),0,Clinton,4
2025-09-10,New Covenant Academy,1,Fair Grove,1
2025-09-10,Bolivar,8,Greenwood,1
2025-09-10,Center,7,Guadalupe Centers Charter,0
2025-09-10,STEAM Academy,6,Hazelwood East,0
2025-09-10,Rock Bridge,6,Helias Catholic,1
2025-09-10,Parkway West,8,Hillsboro,0
2025-09-10,La Monte,3,Iberia,3
2025-09-10,Smithton,4,Knob Noster,3
2025-09-10,Lutheran (Kansas City),2,Lafayette (St. Joseph),4
2025-09-10,Westminster Christian Academy,1,Lutheran St. Charles,0
2025-09-10,Carl Junction,2,McDonald County,1
2025-09-10,Ruskin,2,Oak Park,6
2025-09-10,Chaminade College Prep,3,Parkway Central,0
2025-09-10,North County,0,Perryville,8
2025-09-10,Fort Osage,3,Platte County,2
2025-09-10,Raytown,2,Raytown South,1
2025-09-10,Gateway Science Charter,0,Webster Groves,7
2025-09-10,St. Charles,8,William Chrisman,1
2025-09-11,Mexico,1,Boonville,0
2025-09-11,Lone Jack,3,Cameron,2
2025-09-11,Camdenton,0,Capital City,8
2025-09-11,Joplin,0,Carthage,5
2025-09-11,Marshfield,0,Cassville,5
2025-09-11,Sacred Heart,1,Christian Fellowship Sr.,0
2025-09-11,Frontier School of Excellence Charter,0,Cristo Rey,2
2025-09-11,Southern Boone,8,Eugene,0
2025-09-11,New Covenant Academy,1,Fair Grove,1
2025-09-11,Pattonville,3,Fox,1
2025-09-11,Francis Howell North,1,Francis Howell,2
2025-09-11,Liberty (Wentzville),1,Francis Howell Central,3
2025-09-11,Dexter,0,Fredericktown,8
2025-09-11,Timberland,2,Ft. Zumwalt East,3
2025-09-11,Priory,3,Ft. Zumwalt North,0
2025-09-11,Liberty North,3,Glendale,2
2025-09-11,Harrisonville,5,Grandview,0
2025-09-11,Father Tolton,0,Helias Catholic,4
2025-09-11,Willard,2,Hillcrest,0
2025-09-11,St. Francis Borgia,5,Hillsboro,3
2025-09-11,University City,8,Jennings,0
2025-09-11,De Smet Jesuit,1,John Burroughs,1
2025-09-11,Barstow,1,Kearney,0
2025-09-11,Notre Dame (Cape Girardeau),4,Kennett,3
2025-09-11,Webb City,2,Kickapoo,3
2025-09-11,Moberly,2,Kirksville,3
2025-09-11,Staley,0,Lee's Summit,3
2025-09-11,Blue Springs,0,Liberty,3
2025-09-11,Eureka,1,Lindbergh,0
2025-09-11,Veritas Christian Academy,1,Lutheran South,2
2025-09-11,St. Dominic,2,Marquette,1
2025-09-11,Excelsior Springs,1,Maryville,0
2025-09-11,Fulton,0,Missouri Military Academy,8
2025-09-11,Raytown,0,North Kansas City,2
2025-09-11,Washington,0,North Point,6
2025-09-11,Benton,0,Northeast (Kansas City),9
2025-09-11,Pleasant Hill,5,Oak Grove,1
2025-09-11,Clayton,1,Oakville,3
2025-09-11,Bolivar,3,Osage,2
2025-09-11,Mehlville,2,Parkway Central,4
2025-09-11,Seckman,1,Parkway North,0
2025-09-11,Northwest (Cedar Hill),1,Republic,0
2025-09-11,Ladue Horton Watkins,0,Rockwood Summit,1
2025-09-11,Blue Springs South,3,Savannah,0
2025-09-11,Liberty North,0,Springfield Catholic,5
2025-09-11,Orchard Farm,1,St. Charles,0
2025-09-11,Holt,1,St. Charles West,2
2025-09-11,MICDS,3,Webster Groves,4
2025-09-11,Warrensburg,0,St. Michael the Archangel,2
2025-09-11,North County,0,Webb City,4
2025-09-11,Ruskin,0,St. Charles,8
2025-09-11,William Chrisman,0,Van Horn,8
2025-09-11,Poplar Bluff,3,Waynesville,1
2025-09-11,SLUH,2,Webster Groves,0
2025-09-11,Ozark,3,West Plains,0
2025-09-11,Bayless,4,Whitfield,1
2025-09-11,Roosevelt,2,Winfield,1
2025-09-12,Parkview,3,Aurora,1
2025-09-12,Crossroads College Preparatory,0,Brentwood,8
2025-09-12,Parkview,1,Camdenton,4
2025-09-12,Springfield Catholic,2,Carthage,0
2025-09-12,Branson,0,Carthage,5
2025-09-12,Paseo Academy,0,Clinton,6
2025-09-12,Pattonville,1,Glendale,7
2025-09-12,Lutheran St. Charles,1,Hannibal,0
2025-09-12,North Point,3,Hickman,2
2025-09-12,Lutheran North,4,Jennings,2
2025-09-12,Waynesville,1,Joplin,4
2025-09-12,Springfield Catholic,5,Kickapoo,0
2025-09-12,Iberia,0,Knob Noster,3
2025-09-12,Smithton,3,La Monte,1
2025-09-12,Perryville,3,Marshall,1
2025-09-12,Summit Christian Academy,2,Nixa,1
2025-09-12,Center,1,Northeast (Kansas City),4
2025-09-12,Ozark,3,Northwest (Cedar Hill),1
2025-09-12,Liberty North,5,Ozark,0
2025-09-12,Perryville,8,Southern Boone,1
2025-09-12,Marshall,4,Southern Boone,2
2025-09-12,Dixon,6,Willard,3
2025-09-12,Metro,5,University City,0
2025-09-12,Bayless,5,Valley Park,0
2025-09-13,Pattonville,8,Aurora,0
2025-09-13,Faith Christian Academy,8,Belle,0
2025-09-13,Calvary Lutheran,7,Belle,5
2025-09-13,Faith Christian Academy,9,Calvary Lutheran,0
2025-09-13,Kickapoo,2,Camdenton,1
2025-09-13,New Covenant Academy,2,Cassville,1
2025-09-13,Willard,0,Central (Springfield),2
2025-09-13,Ladue Horton Watkins,4,Christian Brothers College,1
2025-09-13,SLUH,2,Clayton,0
2025-09-13,Farmington,8,DeSoto,0
2025-09-13,Barstow,1,Excelsior Springs,0
2025-09-13,Francis Howell Central,0,Francis Howell,2
2025-09-13,Marquette,2,Ft. Zumwalt North,1
2025-09-13,Northwest (Cedar Hill),1,Glendale,5
2025-09-13,North Point,8,Hannibal,0
2025-09-13,Lutheran St. Charles,3,Hickman,0
2025-09-13,Rolla,3,Hickman,1
2025-09-13,Christian Fellowship Sr.,8,Iberia,0
2025-09-13,La Monte,5,Iberia,0
2025-09-13,De Smet Jesuit,4,Jackson,1
2025-09-13,West Plains,0,Joplin,2
2025-09-13,Marshall,1,Kirksville,0
2025-09-13,Christian Fellowship Sr.,8,La Monte,0
2025-09-13,Pleasant Hill,2,Lone Jack,0
2025-09-13,Fair Grove,2,Marshfield,1
2025-09-13,Smithville,1,Maryville,0
2025-09-13,West Plains,2,Monett,4
2025-09-13,Pattonville,1,Monett,2
2025-09-13,Cameron,3,Oak Grove,3
2025-09-13,St. Dominic,1,Priory,0
2025-09-13,Summit Christian Academy,1,Republic,0
2025-09-13,North Point,3,Rolla,0
2025-09-13,Jefferson City,0,Sacred Heart,1
2025-09-13,Lafayette (Wildwood),0,Timberland,1
2025-09-13,Winfield,3,Union,4
2025-09-13,Ft. Zumwalt West,3,Vianney,1
2025-09-13,Wright City,0,Warrenton,8
2025-09-13,Branson,1,Waynesville,0
2025-09-15,Dixon,6,Belle,0
2025-09-15,Oak Grove,0,Belton,4
2025-09-15,Parkview,1,Cassville,2
2025-09-15,Mehlville,1,Clayton,5
2025-09-15,Rockwood Summit,5,Farmington,2
2025-09-15,Ritenour,3,Fox,4
2025-09-15,Fort Osage,5,Grain Valley,4
2025-09-15,Pleasant Hill,4,Grandview,1
2025-09-15,Central (Springfield),1,Greenwood,0
2025-09-15,Excelsior Springs,4,Kearney,0
2025-09-15,Liberty,3,Lee's Summit North,2
2025-09-15,Whitfield,0,Lutheran South,4
2025-09-15,Windsor (Imperial),0,Metro,3
2025-09-15,Smithville,1,North Kansas City,2
2025-09-15,Rolla,1,Pacific,2
2025-09-15,Parkway South,0,Parkway West,2
2025-09-15,St. Charles,3,Platte County,0
2025-09-15,William Chrisman,2,Raytown South,1
2025-09-15,Southern Boone,0,Savannah,5
2025-09-15,Francis Howell,2,St. Dominic,0
2025-09-15,Northeast (Kansas City),8,St. Paul Lutheran (Concordia),0
2025-09-15,Fredericktown,10,St. Paul Lutheran (Farmington),2
2025-09-15,Lee's Summit West,6,Staley,0
2025-09-15,Knob Noster,0,Willard,3
2025-09-15,STEAM Academy,1,Webb City,4
2025-09-15,Maplewood-Richmond Hts.,1,Valley Park,0
2025-09-15,Canton,1,Winfield,5
2025-09-15,Ruskin,1,Winnetonka,0
2025-09-16,Savannah,3,Benton,0
2025-09-16,Osage,0,Capital City,9
2025-09-16,Branson,1,Carl Junction,2
2025-09-16,Lone Jack,1,Center,2
2025-09-16,Sikeston,2,Central (Cape Girardeau),3
2025-09-16,Carthage,4,Central (Springfield),0
2025-09-16,Webster Groves,1,Chaminade College Prep,2
2025-09-16,Maryville,2,Chillicothe,0
2025-09-16,SLUH,3,Christian Brothers College,2
2025-09-16,Eugene,0,Christian Fellowship Sr.,8
2025-09-16,Vianney,1,De Smet Jesuit,3
2025-09-16,Hillsboro,1,DeSoto,2
2025-09-16,Lafayette (Wildwood),3,Eureka,2
2025-09-16,Ft. Zumwalt West,0,Francis Howell Central,3
2025-09-16,Troy Buchanan,0,Francis Howell North,3
2025-09-16,Timberland,1,Ft. Zumwalt South,2
2025-09-16,Crossroads College Preparatory,0,Hancock,5
2025-09-16,Warrensburg,0,Harrisonville,3
2025-09-16,Savannah,3,Hickman,1
2025-09-16,Crocker,9,Iberia,1
2025-09-16,Northwest (Cedar Hill),4,Jackson,0
2025-09-16,Bayless,2,John Burroughs,0
2025-09-16,Willard,4,Kickapoo,3
2025-09-16,Oakville,3,Kirkwood,2
2025-09-16,Northeast (Kansas City),12,Lafayette (St. Joseph),0
2025-09-16,Camdenton,8,Lebanon,2
2025-09-16,Rock Bridge,1,Liberty (Wentzville),4
2025-09-16,Fulton,1,Marshall,9
2025-09-16,Bolivar,3,Marshfield,0
2025-09-16,Aurora,3,McDonald County,8
2025-09-16,Lindbergh,5,Mehlville,2
2025-09-16,Kirksville,7,Mexico,0
2025-09-16,Ladue Horton Watkins,6,MICDS,0
2025-09-16,Canton,0,Missouri Military Academy,14
2025-09-16,Hannibal,0,Moberly,2
2025-09-16,Cassville,0,Monett,4
2025-09-16,Ft. Zumwalt East,4,North Point,1
2025-09-16,Faith Christian Academy,4,Northland Christian,0
2025-09-16,Van Horn,7,Oak Grove,0
2025-09-16,Warrenton,1,Orchard Farm,5
2025-09-16,Republic,0,Ozark,2
2025-09-16,Veritas Christian Academy,0,Pacific,3
2025-09-16,Park Hill South,4,Park Hill,0
2025-09-16,Pattonville,0,Parkway Central,1
2025-09-16,Fox,0,Parkway North,4
2025-09-16,Frontier STEM,3,Paseo Academy,0
2025-09-16,Festus,0,Perryville,8
2025-09-16,Clinton,3,Pleasant Hill,1
2025-09-16,Liberty North,8,Raymore-Peculiar,0
2025-09-16,Summit Christian Academy,7,Raytown South,1
2025-09-16,Affton,2,Ritenour,1
2025-09-16,Parkway South,3,Seckman,2
2025-09-16,Belle,0,Southern Boone,9
2025-09-16,St. Charles West,2,St. Charles,6
2025-09-16,Union,0,St. Francis Borgia,4
2025-09-16,Maplewood-Richmond Hts.,1,Webster Groves,8
2025-09-16,Barstow,1,St. Pius X (Kansas City),4
2025-09-16,Fatima,2,Webb City,5
2025-09-16,Ft. Zumwalt North,3,Washington,2
2025-09-16,Neosho,1,Waynesville,2
2025-09-16,Nixa,3,Webb City,0
2025-09-16,Priory,1,Westminster Christian Academy,0
2025-09-16,Holt,2,Winfield,0
2025-09-17,Brentwood,0,Bayless,8
2025-09-17,Van Horn,5,Belton,0
2025-09-17,Valley Park,0,Bishop DuBourg,1
2025-09-17,Savannah,5,Cameron,1
2025-09-17,Helias Catholic,0,Capital City,4
2025-09-17,St. Charles,3,Fort Osage,4
2025-09-17,Cristo Rey,0,Lincoln College Prep,8
2025-09-17,Fredericktown,3,North County,0
2025-09-17,Raytown,1,Platte County,5
2025-09-17,Gateway Science Charter,0,Principia,6
2025-09-17,Windsor (Imperial),3,Sikeston,2
2025-09-17,Barstow,1,St. Pius X (Kansas City),4
2025-09-17,Logan-Rogersville,1,West Plains,0
2025-09-17,Lutheran North,0,Westminster Christian Academy,8
2025-09-17,Summit Christian Academy,8,William Chrisman,0
2025-09-18,Pattonville,3,Affton,4
2025-09-18,Mehlville,0,Bayless,2
2025-09-18,William Chrisman,0,Belton,4
2025-09-18,Benton,5,Bishop LeBlond,2
2025-09-18,Grain Valley,3,Blue Springs South,2
2025-09-18,Kickapoo,2,Branson,3
2025-09-18,Dixon,8,Calvary Lutheran,0
2025-09-18,Glendale,0,Carthage,2
2025-09-18,De Smet Jesuit,1,Christian Brothers College,2
2025-09-18,North Kansas City,1,Excelsior Springs,3
2025-09-18,Notre Dame (Cape Girardeau),2,Farmington,3
2025-09-18,Fatima,0,Father Tolton,8
2025-09-18,Rock Bridge,3,Francis Howell,0
2025-09-18,Ft. Zumwalt South,0,Ft. Zumwalt East,1
2025-09-18,North Point,2,Ft. Zumwalt North,3
2025-09-18,Francis Howell North,0,Ft. Zumwalt West,2
2025-09-18,Wright City,1,Fulton,6
2025-09-18,Perryville,1,Hillsboro,0
2025-09-18,Orchard Farm,5,Holt,0
2025-09-18,Rolla,3,Jefferson City,1
2025-09-18,Chillicothe,0,Kirksville,8
2025-09-18,Eureka,0,Kirkwood,3
2025-09-18,Harrisonville,8,Knob Noster,0
2025-09-18,Clayton,0,Ladue Horton Watkins,1
2025-09-18,Blue Springs,4,Lee's Summit North,3
2025-09-18,Raymore-Peculiar,1,Lee's Summit West,4
2025-09-18,Webster Groves,0,Lindbergh,1
2025-09-18,Clinton,0,Lone Jack,1
2025-09-18,Westminster Christian Academy,2,Lutheran South,1
2025-09-18,Whitfield,1,Lutheran St. Charles,2
2025-09-18,Mexico,0,Moberly,3
2025-09-18,Chaminade College Prep,1,Nixa,0
2025-09-18,St. Paul Lutheran (Farmington),0,North County,4
2025-09-18,Raytown South,1,Oak Grove,3
2025-09-18,Camdenton,7,Osage,0
2025-09-18,Parkway West,4,Parkway Central,2
2025-09-18,Fox,2,Parkway South,1
2025-09-18,East (Kansas City),9,Paseo Academy,0
2025-09-18,Central (St. Joseph),0,Platte County,2
2025-09-18,MICDS,1,Priory,3
2025-09-18,Seckman,2,Ritenour,0
2025-09-18,Metro,3,Roosevelt,1
2025-09-18,Grandview,1,Ruskin,0
2025-09-18,Vianney,0,SLUH,0
2025-09-18,Warrensburg,0,Savannah,4
2025-09-18,Christian Fellowship Sr.,0,Southern Boone,4
2025-09-18,Winfield,2,St. Charles West,3
2025-09-18,Duchesne,0,St. Dominic,8
2025-09-18,Poplar Bluff,6,St. Pius X (Festus),2
2025-09-18,Smithville,0,St. Pius X (Kansas City),3
2025-09-18,Liberty North,2,Staley,1
2025-09-18,Washington,0,Timberland,3
2025-09-18,Liberty (Wentzville),3,Troy Buchanan,0
2025-09-18,Webb City,1,Union,4
2025-09-18,Summit Christian Academy,1,Van Horn,2
2025-09-18,St. Charles,4,Warrenton,0
2025-09-18,Waynesville,1,Webb City,2
2025-09-18,Center,5,Winnetonka,0
2025-09-19,Crossroads College Preparatory,0,Bayless,13
2025-09-19,Springfield Catholic,8,Bishop DuBourg,1
2025-09-19,Willard,1,Bolivar,2
2025-09-19,St. Michael the Archangel,1,Helias Catholic,0
2025-09-19,Hazelwood East,1,Jennings,0
2025-09-19,Chaminade College Prep,5,Kickapoo,0
2025-09-19,Sikeston,1,Logan-Rogersville,6
2025-09-19,Principia,8,Lutheran North,0
2025-09-19,Brentwood,2,Maplewood-Richmond Hts.,3
2025-09-19,Pembroke Hill,6,MICDS,3
2025-09-19,Crocker,0,Moberly,7
2025-09-19,Barstow,1,New Covenant Academy,0
2025-09-19,DeSoto,0,Northwest (Cedar Hill),8
2025-09-19,Willard,1,Oak Park,0
2025-09-19,Nixa,1,Republic,0
2025-09-19,Lebanon,0,Sikeston,3
2025-09-19,Warrensburg,0,Savannah,4
2025-09-19,La Monte,3,St. Paul Lutheran (Concordia),2
2025-09-19,Hancock,0,Valley Park,1
2025-09-20,Helias Catholic,3,Bishop DuBourg,0
2025-09-20,Vianney,2,Christian Brothers College,2
2025-09-20,SLUH,1,De Smet Jesuit,0
2025-09-20,Ladue Horton Watkins,4,Ft. Zumwalt West,2
2025-09-20,Barstow,5,Greenwood,0
2025-09-20,Pembroke Hill,1,John Burroughs,0
2025-09-20,Francis Howell,3,Liberty (Wentzville),3
2025-09-20,Bolivar,1,Logan-Rogersville,0
2025-09-20,St. Dominic,1,Oakville,1
2025-09-20,Chaminade College Prep,2,Ozark,0
2025-09-20,Lindbergh,4,Principia,2
2025-09-20,Capital City,4,Rolla,1
2025-09-20,Willard,1,Sikeston,0
2025-09-20,St. Michael the Archangel,0,Springfield Catholic,3
2025-09-20,Priory,0,Webster Groves,1
2025-09-22,Maplewood-Richmond Hts.,0,Bayless,8
2025-09-22,Fort Osage,0,Belton,1
2025-09-22,Hillcrest,1,Bolivar,2
2025-09-22,Fatima,2,Capital City,3
2025-09-22,Crocker,1,Cassville,2
2025-09-22,Lafayette (St. Joseph),0,Central (St. Joseph),8
2025-09-22,Parkway West,2,Eureka,1
2025-09-22,St. Pius X (Kansas City),2,Excelsior Springs,1
2025-09-22,Hillsboro,1,Fox,2
2025-09-22,Christian Fellowship Sr.,4,Fulton,1
2025-09-22,Northeast (Kansas City),1,Harrisonville,0
2025-09-22,Camdenton,0,Helias Catholic,3
2025-09-22,Summit Christian Academy,9,Knob Noster,0
2025-09-22,Bishop DuBourg,1,Lafayette (Wildwood),8
2025-09-22,Kearney,0,Liberty,7
2025-09-22,Jackson,1,Lindbergh,0
2025-09-22,Seckman,8,North County,0
2025-09-22,Staley,1,North Kansas City,0
2025-09-22,Winnetonka,0,Oak Park,3
2025-09-22,Affton,7,Parkway North,0
2025-09-22,Ritenour,2,Parkway South,6
2025-09-22,North Point,2,Pattonville,3
2025-09-22,Lincoln College Prep,7,Raytown South,0
2025-09-22,Ft. Zumwalt East,0,Rockwood Summit,2
2025-09-22,Raytown,4,Ruskin,1
2025-09-22,Boonville,0,Southern Boone,3
2025-09-22,Troy Buchanan,0,St. Charles,1
2025-09-22,St. Pius X (Festus),0,St. Francis Borgia,1
2025-09-22,Grain Valley,5,St. Charles,3
2025-09-22,SLUH,2,Union,0
2025-09-22,Windsor (Imperial),2,Valley Park,0
2025-09-22,MICDS,0,Westminster Christian Academy,8
2025-09-22,Duchesne,2,Whitfield,7
2025-09-22,Platte County,4,William Chrisman,0
2025-09-22,Webb City,8,Wright City,0
2025-09-23,Webster Groves,1,Affton,2
2025-09-23,Blue Springs,1,Blue Springs South,2
2025-09-23,Neosho,0,Central (Springfield),1
2025-09-23,North Kansas City,0,Central (St. Joseph),2
2025-09-23,SLUH,3,Chaminade College Prep,2
2025-09-23,Benton,3,Chillicothe,2
2025-09-23,Washington,2,DeSoto,1
2025-09-23,Joplin,1,Glendale,7
2025-09-23,East (Kansas City),6,Grandview,0
2025-09-23,Cristo Rey,2,Guadalupe Centers Charter,3
2025-09-23,Francis Howell North,7,Holt,0
2025-09-23,Osage,1,Jefferson City,0
2025-09-23,North County,0,Lafayette (Wildwood),8
2025-09-23,Oak Park,0,Liberty,4
2025-09-23,Lee's Summit North,2,Liberty North,5
2025-09-23,Carl Junction,0,Logan-Rogersville,3
2025-09-23,Northwest (Cedar Hill),3,Mehlville,2
2025-09-23,Lutheran South,3,Metro,1
2025-09-23,Hannibal,6,Mexico,3
2025-09-23,Principia,1,MICDS,5
2025-09-23,Willard,1,Nixa,4
2025-09-23,Bishop DuBourg,5,North County,1
2025-09-23,Paseo Academy,0,Northeast (Kansas City),13
2025-09-23,Center,6,Oak Grove,1
2025-09-23,Warrensburg,4,Odessa,1
2025-09-23,Springfield Catholic,0,Ozark,1
2025-09-23,Lee's Summit West,2,Park Hill South,0
2025-09-23,Christian Brothers College,4,Priory,0
2025-09-23,Lee's Summit,2,Raymore-Peculiar,0
2025-09-23,Lone Jack,3,Raytown South,0
2025-09-23,Hickman,1,Rock Bridge,4
2025-09-23,Lincoln College Prep,1,Rockhurst,8
2025-09-23,Willard,0,Sacred Heart,1
2025-09-23,Bishop LeBlond,0,Savannah,6
2025-09-23,Bishop DuBourg,0,Seckman,2
2025-09-23,North Point,5,St. Charles West,0
2025-09-23,Ft. Zumwalt North,0,Timberland,6
2025-09-23,Veritas Christian Academy,1,Troy Buchanan,4
2025-09-23,Smithville,0,Van Horn,2
2025-09-23,Republic,1,Waynesville,0
2025-09-24,Lafayette (St. Joseph),0,Benton,2
2025-09-24,Marshfield,0,Branson,4
2025-09-24,Winnetonka,0,Excelsior Springs,2
2025-09-24,Winfield,3,Festus,2
2025-09-24,Union,1,Fox,0
2025-09-24,Joplin,0,Glendale,7
2025-09-24,William Chrisman,1,Grain Valley,9
2025-09-24,St. Michael the Archangel,6,Kearney,0
2025-09-24,Fredericktown,4,Kennett,0
2025-09-24,North County,0,Lafayette (Wildwood),8
2025-09-24,De Smet Jesuit,1,Lindbergh,1
2025-09-24,Carl Junction,0,Logan-Rogersville,3
2025-09-24,Francis Howell Central,3,Marquette,0
2025-09-24,Lutheran South,3,Metro,1
2025-09-24,Bishop DuBourg,5,North County,1
2025-09-24,Frontier STEM,0,Northeast (Kansas City),9
2025-09-24,Smithville,0,Park Hill,5
2025-09-24,Northwest (Cedar Hill),3,Parkway West,4
2025-09-24,St. Paul Lutheran (Concordia),0,Pleasant Hill,3
2025-09-24,Fort Osage,0,Raytown,1
2025-09-24,Kirkwood,2,Rockwood Summit,3
2025-09-24,Gateway Science Charter,1,Roosevelt,6
2025-09-24,Platte County,5,Ruskin,2
2025-09-24,Willard,0,Sacred Heart,1
2025-09-24,Maryville,6,Savannah,4
2025-09-24,Bishop DuBourg,0,Seckman,2
2025-09-24,Bishop LeBlond,0,St. Pius X (Kansas City),8
2025-09-24,Belton,3,St. Charles,4
2025-09-24,Eureka,0,Vianney,3
2025-09-24,John Burroughs,1,Webster Groves,2
2025-09-25,Metro,3,Affton,6
2025-09-25,Raymore-Peculiar,3,Blue Springs,0
2025-09-25,Hickman,0,Camdenton,4
2025-09-25,Winfield,6,Canton,1
2025-09-25,Ozark,3,Carthage,2
2025-09-25,Knob Noster,0,Center,9
2025-09-25,Oak Park,3,Central (St. Joseph),4
2025-09-25,Pacific,5,DeSoto,0
2025-09-25,Iberia,0,Dixon,8
2025-09-25,Frontier STEM,0,East (Kansas City),15
2025-09-25,St. Francis Borgia,0,Father Tolton,2
2025-09-25,Timberland,1,Francis Howell,2
2025-09-25,Christian Brothers College,2,Francis Howell Central,1
2025-09-25,Francis Howell North,1,Ft. Zumwalt East,2
2025-09-25,Ft. Zumwalt South,0,Ft. Zumwalt North,1
2025-09-25,Liberty (Wentzville),2,Ft. Zumwalt West,3
2025-09-25,Bayless,7,Hancock,0
2025-09-25,Fulton,1,Hannibal,5
2025-09-25,Lone Jack,0,Harrisonville,1
2025-09-25,Kickapoo,2,Joplin,1
2025-09-25,Fredericktown,5,Kennett,0
2025-09-25,Smithton,1,La Monte,0
2025-09-25,Seckman,0,Lafayette (Wildwood),3
2025-09-25,Blue Springs South,1,Lee's Summit North,0
2025-09-25,Liberty North,3,Lee's Summit West,1
2025-09-25,Greenwood,0,Logan-Rogersville,3
2025-09-25,Maplewood-Richmond Hts.,5,Lutheran North,0
2025-09-25,Webster Groves,3,Lutheran South,0
2025-09-25,Moberly,0,Marshall,5
2025-09-25,Cameron,1,Maryville,5
2025-09-25,Central (Cape Girardeau),1,Mehlville,4
2025-09-25,Christian Fellowship Sr.,6,Mexico,4
2025-09-25,New Covenant Academy,0,Monett,3
2025-09-25,Lincoln College Prep,1,Northeast (Kansas City),6
2025-09-25,Lutheran (Kansas City),2,Northland Christian,4
2025-09-25,Parkway Central,0,Oakville,1
2025-09-25,Savannah,2,Osage,0
2025-09-25,Van Horn,2,Park Hill,1
2025-09-25,Fair Grove,1,Parkview,3
2025-09-25,Parkway North,0,Parkway South,7
2025-09-25,Webster Groves,2,Parkway West,4
2025-09-25,St. Charles West,0,Pattonville,3
2025-09-25,Pleasant Hill,0,Pembroke Hill,8
2025-09-25,Jackson,3,Perryville,0
2025-09-25,Sikeston,2,Poplar Bluff,4
2025-09-25,Whitfield,1,Priory,7
2025-09-25,Lebanon,0,Republic,2
2025-09-25,Lee's Summit,0,Rockhurst,3
2025-09-25,St. Dominic,1,SLUH,4
2025-09-25,Rolla,0,Springfield Catholic,7
2025-09-25,Veritas Christian Academy,3,St. Charles,2
2025-09-25,Webb City,8,St. Paul Lutheran (Farmington),0
2025-09-25,Jennings,0,STEAM Academy,2
2025-09-25,Eugene,1,Willard,6
2025-09-25,Warrensburg,0,Summit Christian Academy,6
2025-09-25,Cassville,5,Thomas Jefferson Independent Day,4
2025-09-25,Central (Springfield),0,Webb City,1
2025-09-25,Waynesville,0,Willard,2
2025-09-25,Oak Grove,2,William Chrisman,0
2025-09-25,Brentwood,2,Windsor (Imperial),8
2025-09-26,Cristo Rey,0,Barstow,3
2025-09-26,Lee's Summit West,0,Blue Springs South,1
2025-09-26,Parkway Central,1,Clayton,0
2025-09-26,Belle,0,Crocker,6
2025-09-26,Springfield Catholic,2,Glendale,1
2025-09-26,Summit Christian Academy,3,Hickman,2
2025-09-26,Union,2,Hillsboro,2
2025-09-26,Sacred Heart,3,Lutheran (Kansas City),0
2025-09-26,Crossroads College Preparatory,1,Maplewood-Richmond Hts.,9
2025-09-26,Nixa,1,Marquette,0
2025-09-26,Iberia,0,Marshfield,8
2025-09-26,Lebanon,2,New Covenant Academy,1
2025-09-26,Roosevelt,1,Parkway North,2
2025-09-26,Troy Buchanan,0,Pattonville,1
2025-09-26,Bayless,1,Principia,5
2025-09-26,Bolivar,0,Republic,1
2025-09-26,Grain Valley,4,Savannah,5
2025-09-26,North Point,2,St. Charles,0
2025-09-26,Veritas Christian Academy,4,St. Charles West,3
2025-09-26,Jennings,2,University City,8
2025-09-26,Brentwood,0,Valley Park,1
2025-09-26,Helias Catholic,5,West Plains,1
2025-09-26,Orchard Farm,4,Whitfield,0
2025-09-27,Lutheran South,4,Affton,4
2025-09-27,Principia,0,De Smet Jesuit,6
2025-09-27,Nixa,1,Eureka,0
2025-09-27,Priory,1,Farmington,2
2025-09-27,St. Paul Lutheran (Concordia),1,Father Tolton,9
2025-09-27,Canton,1,Festus,1
2025-09-27,Bishop DuBourg,0,Fox,3
2025-09-27,Oakville,1,Francis Howell,0
2025-09-27,Christian Brothers College,0,Ft. Zumwalt West,2
2025-09-27,Springfield Catholic,2,Glendale,1
2025-09-27,Grain Valley,3,Hickman,2
2025-09-27,North County,0,Hillsboro,8
2025-09-27,Vianney,1,Ladue Horton Watkins,5
2025-09-27,Timberland,1,Lindbergh,4
2025-09-27,Hannibal,1,Marshall,6
2025-09-27,Webster Groves,6,Metro,1
2025-09-27,John Burroughs,1,MICDS,0
2025-09-27,Park Hill South,0,Rockhurst,4
2025-09-27,Union,1,Seckman,4
2025-09-27,Summit Christian Academy,4,Savannah,1
2025-09-27,Liberty (Wentzville),1,St. Dominic,2
2025-09-27,Fulton,0,Warrenton,8
2025-09-29,Hillsboro,2,Bishop DuBourg,1
2025-09-29,University City,1,Brentwood,0
2025-09-29,Hannibal,6,Canton,1
2025-09-29,Crossroads College Preparatory,3,Cardinal Ritter,2
2025-09-29,Marshfield,1,Cassville,3
2025-09-29,St. Pius X (Kansas City),3,Center,4
2025-09-29,Webb City,1,Crocker,2
2025-09-29,Fair Grove,0,Dixon,2
2025-09-29,Mexico,3,Fatima,4
2025-09-29,William Chrisman,0,Fort Osage,7
2025-09-29,Parkway West,2,Ft. Zumwalt East,1
2025-09-29,Raytown,1,Grain Valley,4
2025-09-29,Frontier STEM,0,Guadalupe Centers Charter,3
2025-09-29,Whitfield,0,John Burroughs,4
2025-09-29,Pattonville,2,Lafayette (Wildwood),4
2025-09-29,Greenwood,4,Lebanon,1
2025-09-29,Orchard Farm,0,Lutheran St. Charles,3
2025-09-29,Thomas Jefferson Independent Day,0,New Covenant Academy,1
2025-09-29,Winnetonka,0,North Kansas City,6
2025-09-29,Springfield Catholic,0,Ozark,1
2025-09-29,Washington,0,Pacific,1
2025-09-29,West Plains,3,Parkview,2
2025-09-29,Kearney,0,Platte County,4
2025-09-29,Fredericktown,0,Poplar Bluff,7
2025-09-29,Camdenton,0,Republic,2
2025-09-29,Waynesville,0,Rolla,4
2025-09-29,Belton,5,Ruskin,4
2025-09-29,Jackson,7,Sikeston,3
2025-09-29,Raytown South,0,Smithville,4
2025-09-29,Veritas Christian Academy,2,St. Charles West,1
2025-09-29,De Smet Jesuit,2,St. Dominic,1
2025-09-29,Willard,1,St. Paul Lutheran (Concordia),2
2025-09-29,Lee's Summit North,1,Staley,2
2025-09-29,Excelsior Springs,0,St. Charles,3
2025-09-29,Warrenton,7,Winfield,1
2025-09-30,Seckman,0,Affton,1
2025-09-30,Valley Park,0,Bayless,3
2025-09-30,Osage,5,Boonville,0
2025-09-30,La Monte,1,Calvary Lutheran,2
2025-09-30,Marshall,0,Capital City,2
2025-09-30,Hillcrest,0,Carl Junction,6
2025-09-30,Aurora,0,Cassville,5
2025-09-30,Odessa,0,Center,6
2025-09-30,Republic,1,Central (Springfield),0
2025-09-30,Kirkwood,1,Christian Brothers College,0
2025-09-30,Willard,2,Christian Fellowship Sr.,5
2025-09-30,Harrisonville,2,Clinton,1
2025-09-30,Smithton,6,Eugene,4
2025-09-30,Iberia,1,Fair Grove,8
2025-09-30,Ladue Horton Watkins,2,Francis Howell Central,1
2025-09-30,Francis Howell North,4,Ft. Zumwalt North,2
2025-09-30,Mehlville,2,Ft. Zumwalt South,4
2025-09-30,Troy Buchanan,0,Ft. Zumwalt West,2
2025-09-30,Webb City,0,Glendale,6
2025-09-30,Ruskin,3,Grandview,9
2025-09-30,Marshfield,3,Greenwood,0
2025-09-30,Savannah,1,Jefferson City,2
2025-09-30,Neosho,2,Kickapoo,1
2025-09-30,Missouri Military Academy,1,Kirksville,4
2025-09-30,St. Francis Borgia,1,Lafayette (Wildwood),2
2025-09-30,Willard,8,Lebanon,0
2025-09-30,Lee's Summit West,0,Lee's Summit North,3
2025-09-30,Lee's Summit,2,Liberty North,0
2025-09-30,Paseo Academy,1,Lincoln College Prep,7
2025-09-30,Branson,1,Logan-Rogersville,3
2025-09-30,Summit Christian Academy,4,Lone Jack,1
2025-09-30,Hancock,0,Maplewood-Richmond Hts.,2
2025-09-30,Monett,4,McDonald County,0
2025-09-30,Southern Boone,5,Mexico,0
2025-09-30,Lutheran South,0,MICDS,1
2025-09-30,Fulton,3,Moberly,4
2025-09-30,Carthage,2,Nixa,1
2025-09-30,St. Charles,3,North Kansas City,2
2025-09-30,Parkway Central,2,North Point,1
2025-09-30,Fox,1,Northwest (Cedar Hill),0
2025-09-30,St. Pius X (Festus),0,Notre Dame (Cape Girardeau),5
2025-09-30,Park Hill,4,Oak Park,0
2025-09-30,Duchesne,0,Orchard Farm,8
2025-09-30,Joplin,0,Ozark,2
2025-09-30,St. Charles West,2,Pacific,1
2025-09-30,Liberty,1,Park Hill South,3
2025-09-30,Father Tolton,0,Parkway South,3
2025-09-30,Clayton,3,Perryville,2
2025-09-30,Farmington,6,Poplar Bluff,3
2025-09-30,Westminster Christian Academy,3,Principia,0
2025-09-30,Lutheran North,0,Priory,7
2025-09-30,Blue Springs South,4,Raymore-Peculiar,0
2025-09-30,Central (St. Joseph),4,Raytown,1
2025-09-30,Parkway North,2,Ritenour,3
2025-09-30,Timberland,2,Rock Bridge,4
2025-09-30,Vianney,1,Rockwood Summit,0
2025-09-30,Cameron,0,Savannah,8
2025-09-30,Knob Noster,1,St. Paul Lutheran (Concordia),6
2025-09-30,Van Horn,6,St. Pius X (Kansas City),0
2025-09-30,Blue Springs,1,Staley,2
2025-09-30,Helias Catholic,3,Union,0
2025-09-30,STEAM Academy,1,University City,3
2025-09-30,Pleasant Hill,1,Warrensburg,0
2025-09-30,Oakville,5,Webster Groves,2
2025-09-30,Festus,0,Windsor (Imperial),4
2025-09-30,North County,0,Winfield,7
2025-10-01,Platte County,3,Belton,4
2025-10-01,Bayless,3,Bishop DuBourg,0
2025-10-01,St. Pius X (Kansas City),8,Cameron,0
2025-10-01,North County,0,Central (Cape Girardeau),8
2025-10-01,Oakville,2,Fox,1
2025-10-01,Windsor (Imperial),3,Fredericktown,2
2025-10-01,Ruskin,0,Grain Valley,11
2025-10-01,St. Charles,4,Grandview,2
2025-10-01,Frontier School of Excellence Charter,3,Guadalupe Centers Charter,2
2025-10-01,Hannibal,0,Hickman,1
2025-10-01,Winnetonka,0,Kearney,1
2025-10-01,La Monte,3,Knob Noster,1
2025-10-01,St. Charles,0,Parkway West,4
2025-10-01,Fort Osage,8,Raytown South,0
2025-10-01,Pattonville,4,Ritenour,0
2025-10-01,Helias Catholic,1,Rolla,3
2025-10-01,Smithton,0,Sacred Heart,2
2025-10-01,Raytown,4,William Chrisman,1
2025-10-01,Southern Boone,7,Wright City,2
2025-10-02,Monett,9,Aurora,1
2025-10-02,Liberty North,5,Blue Springs,2
2025-10-02,Staley,3,Blue Springs South,4
2025-10-02,Republic,1,Branson,0
2025-10-02,Northwest (Cedar Hill),4,Camdenton,1
2025-10-02,Thomas Jefferson Independent Day,2,Carthage,3
2025-10-02,Francis Howell North,2,Carthage,1
2025-10-02,St. Paul Lutheran (Concordia),1,Chillicothe,0
2025-10-02,Hickman,4,Christian Fellowship Sr.,2
2025-10-02,Bolivar,5,Clinton,1
2025-10-02,Paseo Academy,0,Cristo Rey,8
2025-10-02,Christian Brothers College,2,De Smet Jesuit,1
2025-10-02,Ft. Zumwalt North,9,Duchesne,0
2025-10-02,Smithville,1,Excelsior Springs,2
2025-10-02,Van Horn,4,Fort Osage,0
2025-10-02,Affton,8,Fox,1
2025-10-02,St. Paul Lutheran (Farmington),1,Fredericktown,9
2025-10-02,Chaminade College Prep,4,Ft. Zumwalt South,1
2025-10-02,Jackson,0,Glendale,5
2025-10-02,Summit Christian Academy,4,Harrisonville,0
2025-10-02,Savannah,3,Hillcrest,0
2025-10-02,Troy Buchanan,3,Holt,2
2025-10-02,Eugene,1,Iberia,0
2025-10-02,Warrensburg,1,Joplin,4
2025-10-02,Lee's Summit West,4,Kickapoo,1
2025-10-02,Lindbergh,0,Kirkwood,3
2025-10-02,Ft. Zumwalt West,1,Lafayette (Wildwood),0
2025-10-02,Timberland,0,Liberty (Wentzville),2
2025-10-02,Neosho,1,Logan-Rogersville,2
2025-10-02,DeSoto,0,Lutheran South,5
2025-10-02,Bishop LeBlond,0,Maryville,8
2025-10-02,Mexico,3,Missouri Military Academy,6
2025-10-02,Marshall,2,Moberly,3
2025-10-02,Capital City,0,Nixa,5
2025-10-02,Park Hill South,5,Oak Park,0
2025-10-02,Oak Grove,1,Odessa,3
2025-10-02,Union,1,Pacific,2
2025-10-02,North Kansas City,0,Park Hill,1
2025-10-02,Lebanon,0,Parkview,6
2025-10-02,Knob Noster,0,Pleasant Hill,11
2025-10-02,Metro,0,Principia,1
2025-10-02,Lee's Summit North,1,Raymore-Peculiar,0
2025-10-02,Hancock,0,Roosevelt,1
2025-10-02,Father Tolton,0,SLUH,8
2025-10-02,Francis Howell Central,3,St. Dominic,1
2025-10-02,Lee's Summit,1,St. Michael the Archangel,2
2025-10-02,Orchard Farm,2,St. Pius X (Festus),1
2025-10-02,Boonville,0,Willard,1
2025-10-02,St. Francis Borgia,5,Webb City,0
2025-10-02,Webster Groves,0,Veritas Christian Academy,1
2025-10-02,West Plains,3,Waynesville,0
2025-10-02,Springfield Catholic,6,Webb City,1
2025-10-02,Ft. Zumwalt East,0,Westminster Christian Academy,3
2025-10-02,Central (Springfield),0,Willard,1
2025-10-03,Central (Springfield),1,Affton,6
2025-10-03,New Covenant Academy,0,Branson,2
2025-10-03,Bayless,8,Brentwood,0
2025-10-03,Hannibal,1,Camdenton,9
2025-10-03,Lee's Summit West,2,Carthage,1
2025-10-03,Lincoln College Prep,9,Cristo Rey,2
2025-10-03,Hancock,8,Crossroads College Preparatory,0
2025-10-03,Crocker,0,Fair Grove,4
2025-10-03,Lutheran (Kansas City),1,Faith Christian Academy,6
2025-10-03,North County,0,Farmington,6
2025-10-03,Kickapoo,0,Francis Howell North,6
2025-10-03,Hickman,0,Glendale,6
2025-10-03,Sacred Heart,1,Greenwood,0
2025-10-03,Rolla,3,Hillsboro,1
2025-10-03,Nixa,1,Jackson,3
2025-10-03,Poplar Bluff,4,Jefferson City,0
2025-10-03,Rockwood Summit,2,John Burroughs,0
2025-10-03,Missouri Military Academy,1,Kirksville,2
2025-10-03,Capital City,1,Logan-Rogersville,3
2025-10-03,Valley Park,1,Maplewood-Richmond Hts.,2
2025-10-03,Washington,1,Northwest (Cedar Hill),2
2025-10-03,Eureka,1,Pembroke Hill,2
2025-10-03,Neosho,1,Raymore-Peculiar,2
2025-10-03,Lutheran St. Charles,1,St. Charles,2
2025-10-03,Ritenour,2,St. Charles West,3
2025-10-03,Marquette,1,Webster Groves,4
2025-10-04,Kirksville,1,Affton,4
2025-10-04,Washington,0,Camdenton,3
2025-10-04,Capital City,0,Carthage,1
2025-10-04,Missouri Military Academy,2,Central (Springfield),1
2025-10-04,Warrensburg,0,Clinton,2
2025-10-04,Priory,3,De Smet Jesuit,2
2025-10-04,Nixa,2,Francis Howell North,0
2025-10-04,Lee's Summit West,0,Glendale,3
2025-10-04,Washington,1,Hannibal,1
2025-10-04,Logan-Rogersville,3,Hickman,0
2025-10-04,Poplar Bluff,3,Hillsboro,2
2025-10-04,Kickapoo,0,Jackson,3
2025-10-04,Hillsboro,1,Jefferson City,1
2025-10-04,Bolivar,0,Joplin,4
2025-10-04,Moberly,2,Kirksville,1
2025-10-04,Webster Groves,0,Ladue Horton Watkins,3
2025-10-04,Father Tolton,0,Mehlville,8
2025-10-04,Branson,3,Neosho,2
2025-10-04,Hannibal,0,Northwest (Cedar Hill),2
2025-10-04,Chaminade College Prep,3,Parkway South,0
2025-10-04,Rolla,2,Poplar Bluff,3
2025-10-04,Timberland,2,Principia,0
2025-10-04,Republic,0,Raymore-Peculiar,1
2025-10-04,Lindbergh,2,Vianney,1
2025-10-04,Missouri Military Academy,9,Wright City,2
2025-10-06,Iberia,1,Belle,2
2025-10-06,William Chrisman,1,Belton,2
2025-10-06,Waynesville,1,Camdenton,3
2025-10-06,Southern Boone,8,Canton,0
2025-10-06,Calvary Lutheran,7,Capital City,1
2025-10-06,Springfield Catholic,4,Carl Junction,0
2025-10-06,Osage,1,Central (Springfield),2
2025-10-06,New Covenant Academy,4,Crocker,0
2025-10-06,Ruskin,0,Fort Osage,8
2025-10-06,Fatima,0,Helias Catholic,5
2025-10-06,Nixa,5,Joplin,1
2025-10-06,Smithville,2,Kearney,1
2025-10-06,Savannah,5,Knob Noster,0
2025-10-06,Mexico,0,Marshall,8
2025-10-06,Gateway Science Charter,1,Metro,7
2025-10-06,Pacific,3,North County,0
2025-10-06,East (Kansas City),0,Northeast (Kansas City),3
2025-10-06,Grain Valley,6,Platte County,2
2025-10-06,Bayless,2,Priory,8
2025-10-06,Excelsior Springs,8,Raytown South,0
2025-10-06,MICDS,3,Ritenour,1
2025-10-06,Christian Fellowship Sr.,4,Rock Bridge,3
2025-10-06,Parkway North,2,Seckman,1
2025-10-06,Oak Grove,0,St. Michael the Archangel,9
2025-10-06,Parkway West,6,Union,1
2025-10-06,Rolla,1,West Plains,3
2025-10-06,Grandview,0,Winnetonka,1
2025-10-06,Hazelwood East,0,Wright City,5
2025-10-07,McDonald County,7,Aurora,2
2025-10-07,Central (St. Joseph),8,Bishop LeBlond,0
2025-10-07,Carl Junction,2,Bolivar,4
2025-10-07,West Plains,1,Branson,2
2025-10-07,Maplewood-Richmond Hts.,2,Brentwood,1
2025-10-07,Parkview,0,Carthage,1
2025-10-07,Monett,3,Cassville,0
2025-10-07,Moberly,2,Chillicothe,0
2025-10-07,Vianney,2,Christian Brothers College,0
2025-10-07,Odessa,0,Clinton,6
2025-10-07,Guadalupe Centers Charter,2,Cristo Rey,6
2025-10-07,Chaminade College Prep,0,De Smet Jesuit,2
2025-10-07,Greenwood,0,Dixon,3
2025-10-07,Webster Groves,1,Eureka,0
2025-10-07,Thomas Jefferson Independent Day,3,Fair Grove,5
2025-10-07,Southern Boone,2,Father Tolton,5
2025-10-07,DeSoto,4,Festus,0
2025-10-07,Francis Howell,0,Francis Howell Central,2
2025-10-07,Ft. Zumwalt West,1,Ft. Zumwalt East,1
2025-10-07,Orchard Farm,2,Ft. Zumwalt North,1
2025-10-07,Eugene,0,Fulton,8
2025-10-07,Willard,0,Glendale,5
2025-10-07,Valley Park,1,Hancock,0
2025-10-07,Capital City,5,Hickman,1
2025-10-07,Marshfield,0,Hillcrest,1
2025-10-07,Farmington,2,Hillsboro,0
2025-10-07,St. Charles West,3,Holt,1
2025-10-07,Hannibal,1,Kirksville,4
2025-10-07,Clayton,0,Kirkwood,4
2025-10-07,Sacred Heart,2,La Monte,1
2025-10-07,Marquette,0,Lafayette (Wildwood),1
2025-10-07,Central (Springfield),3,Lebanon,0
2025-10-07,Lee's Summit,1,Lee's Summit North,2
2025-10-07,Blue Springs,0,Lee's Summit West,4
2025-10-07,Blue Springs South,1,Liberty North,3
2025-10-07,East (Kansas City),2,Lincoln College Prep,6
2025-10-07,St. Paul Lutheran (Concordia),1,Lone Jack,4
2025-10-07,Benton,1,Maryville,2
2025-10-07,Affton,3,Mehlville,2
2025-10-07,Joplin,0,Neosho,1
2025-10-07,Waynesville,0,Nixa,6
2025-10-07,Liberty,4,North Kansas City,0
2025-10-07,Ladue Horton Watkins,3,Northwest (Cedar Hill),0
2025-10-07,Pleasant Hill,4,Oak Grove,1
2025-10-07,Lindbergh,1,Oakville,2
2025-10-07,Mexico,0,Osage,8
2025-10-07,Kickapoo,1,Ozark,2
2025-10-07,Park Hill,0,Park Hill South,2
2025-10-07,Parkway North,0,Parkway West,8
2025-10-07,Frontier School of Excellence Charter,2,Paseo Academy,1
2025-10-07,Fox,1,Pattonville,3
2025-10-07,Rockhurst,4,Pembroke Hill,0
2025-10-07,Notre Dame (Cape Girardeau),3,Poplar Bluff,1
2025-10-07,Webb City,0,Republic,1
2025-10-07,Parkway South,1,Ritenour,0
2025-10-07,Jefferson City,0,Rock Bridge,7
2025-10-07,Lafayette (St. Joseph),2,Savannah,6
2025-10-07,Willard,3,Smithton,0
2025-10-07,Logan-Rogersville,1,Springfield Catholic,3
2025-10-07,Francis Howell North,3,St. Charles,0
2025-10-07,St. Dominic,2,St. Francis Borgia,0
2025-10-07,Lutheran St. Charles,1,Webster Groves,3
2025-10-07,Summit Christian Academy,2,St. Pius X (Kansas City),1
2025-10-07,Raymore-Peculiar,2,Staley,3
2025-10-07,Hazelwood East,0,STEAM Academy,4
2025-10-07,Pacific,2,Webb City,3
2025-10-07,Ft. Zumwalt South,1,Timberland,3
2025-10-07,North Point,2,Troy Buchanan,1
2025-10-07,Van Horn,7,St. Charles,1
2025-10-07,Rolla,7,Union,0
2025-10-07,Liberty (Wentzville),9,Warrenton,1
2025-10-07,Winfield,0,Washington,1
2025-10-07,John Burroughs,1,Westminster Christian Academy,0
2025-10-07,Lutheran South,5,Windsor (Imperial),1
2025-10-08,Metro,3,Bishop DuBourg,4
2025-10-08,St. Pius X (Festus),6,Brentwood,0
2025-10-08,Jackson,2,Central (Cape Girardeau),1
2025-10-08,Kearney,1,Excelsior Springs,3
2025-10-08,Grain Valley,1,Fort Osage,2
2025-10-08,Belton,4,Grandview,1
2025-10-08,Oak Park,3,Harrisonville,4
2025-10-08,Dexter,0,Kennett,8
2025-10-08,Cameron,7,Lafayette (St. Joseph),0
2025-10-08,Helias Catholic,2,Marshall,4
2025-10-08,Parkway West,6,Mehlville,0
2025-10-08,Warrenton,0,North Point,3
2025-10-08,Seckman,2,Parkway South,3
2025-10-08,Whitfield,2,Principia,5
2025-10-08,St. Pius X (Kansas City),7,Raytown,3
2025-10-08,Lee's Summit North,1,Rockhurst,3
2025-10-08,William Chrisman,2,Ruskin,3
2025-10-08,Benton,2,Savannah,1
2025-10-08,Platte County,0,St. Charles,1
2025-10-08,Wright City,0,Veritas Christian Academy,8
2025-10-08,Lafayette (Wildwood),1,Westminster Christian Academy,4
2025-10-08,Raytown South,2,Winnetonka,1
2025-10-09,Ritenour,2,Affton,5
2025-10-09,Thomas Jefferson Independent Day,2,Aurora,4
2025-10-09,Hancock,0,Bayless,8
2025-10-09,Oak Grove,3,Boonville,0
2025-10-09,McDonald County,3,Branson,2
2025-10-09,Iberia,0,Calvary Lutheran,2
2025-10-09,Missouri Military Academy,4,Canton,1
2025-10-09,Webb City,0,Carthage,3
2025-10-09,Logan-Rogersville,5,Cassville,1
2025-10-09,Grandview,1,Center,3
2025-10-09,Park Hill,2,Central (St. Joseph),1
2025-10-09,Vianney,0,Chaminade College Prep,1
2025-10-09,Cameron,3,Chillicothe,4
2025-10-09,St. Dominic,0,Christian Brothers College,1
2025-10-09,Osage,2,Clinton,3
2025-10-09,Windsor (Imperial),2,DeSoto,3
2025-10-09,Webb City,5,Dixon,0
2025-10-09,Marquette,2,Eureka,1
2025-10-09,Marshfield,2,Fair Grove,7
2025-10-09,Parkway North,2,Fox,3
2025-10-09,Timberland,0,Francis Howell,2
2025-10-09,Ft. Zumwalt South,1,Francis Howell Central,1
2025-10-09,Liberty (Wentzville),4,Francis Howell North,2
2025-10-09,Notre Dame (Cape Girardeau),3,Fredericktown,2
2025-10-09,Frontier STEM,1,Frontier School of Excellence Charter,4
2025-10-09,Ft. Zumwalt North,1,Ft. Zumwalt East,5
2025-10-09,Orchard Farm,1,Ft. Zumwalt West,3
2025-10-09,Marshall,7,Fulton,0
2025-10-09,Capital City,7,Hannibal,1
2025-10-09,Raytown,0,Harrisonville,5
2025-10-09,Lutheran South,5,Hillsboro,1
2025-10-09,Clayton,1,Jackson,0
2025-10-09,Nixa,0,Kickapoo,1
2025-10-09,Webster Groves,2,Kirkwood,3
2025-10-09,De Smet Jesuit,3,Ladue Horton Watkins,2
2025-10-09,Ozark,8,Lebanon,0
2025-10-09,Blue Springs,2,Lee's Summit,3
2025-10-09,Staley,3,Lee's Summit North,1
2025-10-09,Blue Springs South,0,Lee's Summit West,3
2025-10-09,Raymore-Peculiar,0,Liberty North,5
2025-10-09,Southern Boone,2,Lone Jack,1
2025-10-09,Kirksville,3,Moberly,0
2025-10-09,St. Pius X (Kansas City),6,Oak Park,1
2025-10-09,Benton,0,Odessa,1
2025-10-09,St. Francis Borgia,2,Pacific,0
2025-10-09,North Kansas City,0,Park Hill South,4
2025-10-09,Willard,3,Parkview,1
2025-10-09,Pattonville,1,Parkway South,3
2025-10-09,Summit Christian Academy,3,Pleasant Hill,0
2025-10-09,Kennett,0,Poplar Bluff,11
2025-10-09,Neosho,1,Republic,2
2025-10-09,Lindbergh,3,Rockwood Summit,0
2025-10-09,Raytown South,0,Ruskin,4
2025-10-09,Northwest (Cedar Hill),1,Seckman,0
2025-10-09,North County,0,Sikeston,8
2025-10-09,MICDS,0,SLUH,8
2025-10-09,Platte County,0,Smithville,1
2025-10-09,Troy Buchanan,3,St. Charles,0
2025-10-09,Washington,1,St. Charles West,0
2025-10-09,Lutheran (Kansas City),2,St. Paul Lutheran (Concordia),3
2025-10-09,Dexter,1,St. Paul Lutheran (Farmington),3
2025-10-09,East (Kansas City),1,Van Horn,2
2025-10-09,Knob Noster,0,Warrensburg,8
2025-10-09,Savannah,7,William Chrisman,0
2025-10-09,Holt,1,Winfield,0
2025-10-10,Lutheran St. Charles,5,Bishop DuBourg,1
2025-10-10,Hancock,0,Brentwood,2
2025-10-10,Glendale,3,Central (Springfield),0
2025-10-10,Missouri Military Academy,1,Christian Fellowship Sr.,2
2025-10-10,Windsor (Imperial),2,DeSoto,3
2025-10-10,Priory,7,Duchesne,1
2025-10-10,University City,3,Festus,1
2025-10-10,Odessa,1,Guadalupe Centers Charter,0
2025-10-10,Ozark,4,Hickman,0
2025-10-10,Mehlville,6,Kickapoo,0
2025-10-10,Smithton,2,La Monte,3
2025-10-10,Bayless,8,Maplewood-Richmond Hts.,2
2025-10-10,Poplar Bluff,0,Northwest (Cedar Hill),5
2025-10-10,Rock Bridge,3,Oakville,0
2025-10-10,New Covenant Academy,1,Parkview,4
2025-10-10,Notre Dame (Cape Girardeau),3,Rolla,0
2025-10-10,Camdenton,0,Springfield Catholic,5
2025-10-10,Sacred Heart,3,Willard,0
2025-10-10,Parkway Central,5,Whitfield,2
2025-10-11,Lee's Summit,2,Blue Springs,1
2025-10-11,Mehlville,0,Chaminade College Prep,4
2025-10-11,Farmington,0,Ft. Zumwalt West,3
2025-10-11,St. Pius X (Kansas City),2,Harrisonville,0
2025-10-11,Oakville,4,Hickman,1
2025-10-11,Liberty,2,Liberty North,1
2025-10-11,Clayton,1,Marquette,3
2025-10-11,Glendale,6,Neosho,1
2025-10-11,Raytown,2,Oak Park,3
2025-10-11,Rock Bridge,1,Ozark,1
2025-10-11,Jackson,5,Rolla,1
2025-10-11,St. Pius X (Festus),0,Union,1
2025-10-11,Republic,1,Waynesville,0
2025-10-13,St. Francis Borgia,0,Bayless,1
2025-10-13,Clinton,1,Center,3
2025-10-13,Hillcrest,0,Central (Springfield),1
2025-10-13,La Monte,2,Christian Fellowship Sr.,5
2025-10-13,Brentwood,9,Crossroads College Preparatory,1
2025-10-13,Rockhurst,8,East (Kansas City),0
2025-10-13,Christian Brothers College,1,Eureka,0
2025-10-13,Grandview,5,Excelsior Springs,0
2025-10-13,Aurora,1,Fair Grove,4
2025-10-13,St. Paul Lutheran (Farmington),0,Festus,8
2025-10-13,MICDS,3,Fox,2
2025-10-13,Rockwood Summit,1,Ft. Zumwalt South,3
2025-10-13,Belton,0,Grain Valley,3
2025-10-13,Winfield,5,Hazelwood East,0
2025-10-13,Father Tolton,1,Hickman,0
2025-10-13,Fredericktown,3,Hillsboro,4
2025-10-13,Carl Junction,1,Joplin,3
2025-10-13,Raytown South,1,Kearney,2
2025-10-13,Lutheran North,0,Lutheran South,8
2025-10-13,New Covenant Academy,1,Marshfield,0
2025-10-13,Ritenour,1,Mehlville,9
2025-10-13,Fulton,1,Mexico,2
2025-10-13,Oak Park,4,North Kansas City,1
2025-10-13,Webster Groves,1,Northwest (Cedar Hill),2
2025-10-13,Parkway Central,5,Parkway North,1
2025-10-13,Duchesne,0,Pattonville,8
2025-10-13,Parkway West,2,Priory,1
2025-10-13,Platte County,3,Raytown,2
2025-10-13,Osage,3,Sacred Heart,1
2025-10-13,Chillicothe,2,Savannah,8
2025-10-13,Farmington,6,Sikeston,1
2025-10-13,Capital City,0,SLUH,2
2025-10-13,Willard,3,Smithton,2
2025-10-13,Winnetonka,0,Smithville,7
2025-10-13,Ladue Horton Watkins,0,St. Dominic,2
2025-10-13,Whitfield,1,St. Pius X (Festus),2
2025-10-13,Union,2,Webb City,3
2025-10-13,Fort Osage,3,St. Charles,2
2025-10-13,St. Charles,3,Veritas Christian Academy,2
2025-10-13,De Smet Jesuit,2,Vianney,1
2025-10-13,Wright City,1,Warrenton,8
2025-10-13,Lafayette (Wildwood),1,Webster Groves,0
2025-10-14,Windsor (Imperial),0,Bishop DuBourg,2
2025-10-14,Lee's Summit North,4,Blue Springs,1
2025-10-14,Lee's Summit,1,Blue Springs South,2
2025-10-14,New Covenant Academy,0,Bolivar,5
2025-10-14,Savannah,3,Camdenton,2
2025-10-14,Bishop LeBlond,1,Cameron,2
2025-10-14,Notre Dame (Cape Girardeau),2,Central (Cape Girardeau),0
2025-10-14,Iberia,0,Christian Fellowship Sr.,7
2025-10-14,Dixon,5,Crocker,3
2025-10-14,Perryville,4,DeSoto,0
2025-10-14,Northland Christian,0,Faith Christian Academy,3
2025-10-14,Troy Buchanan,2,Francis Howell North,2
2025-10-14,Francis Howell,1,Ft. Zumwalt South,2
2025-10-14,Ft. Zumwalt North,3,Ft. Zumwalt West,3
2025-10-14,Moberly,5,Hannibal,2
2025-10-14,Washington,2,Holt,0
2025-10-14,Oakville,0,Jackson,1
2025-10-14,Helias Catholic,1,Jefferson City,0
2025-10-14,Marquette,1,John Burroughs,0
2025-10-14,Republic,2,Joplin,1
2025-10-14,Mexico,1,Kirksville,8
2025-10-14,Parkway South,3,Kirkwood,4
2025-10-14,Calvary Lutheran,1,La Monte,9
2025-10-14,Chillicothe,5,Lafayette (St. Joseph),0
2025-10-14,Park Hill,2,Liberty,5
2025-10-14,Guadalupe Centers Charter,0,Lincoln College Prep,5
2025-10-14,Hillcrest,1,Logan-Rogersville,5
2025-10-14,Smithton,0,Lone Jack,3
2025-10-14,Hancock,0,Lutheran North,2
2025-10-14,Veritas Christian Academy,2,Lutheran St. Charles,0
2025-10-14,Hickman,0,Marshall,3
2025-10-14,Cassville,1,McDonald County,4
2025-10-14,Valley Park,1,Metro,5
2025-10-14,Aurora,0,Monett,3
2025-10-14,Carthage,7,Neosho,1
2025-10-14,Lebanon,0,Nixa,8
2025-10-14,Liberty (Wentzville),4,North Point,0
2025-10-14,East (Kansas City),0,Northeast (Kansas City),3
2025-10-14,Harrisonville,7,Oak Grove,0
2025-10-14,Ft. Zumwalt East,4,Orchard Farm,0
2025-10-14,Glendale,3,Ozark,0
2025-10-14,Central (St. Joseph),0,Park Hill South,7
2025-10-14,Westminster Christian Academy,1,Parkway Central,0
2025-10-14,University City,0,Parkway West,8
2025-10-14,Affton,2,Pattonville,4
2025-10-14,Center,1,Pleasant Hill,3
2025-10-14,Lutheran South,0,Principia,1
2025-10-14,Lee's Summit West,3,Raymore-Peculiar,0
2025-10-14,Roosevelt,0,Seckman,3
2025-10-14,Missouri Military Academy,2,Southern Boone,7
2025-10-14,Branson,1,Springfield Catholic,5
2025-10-14,Winfield,2,St. Charles West,0
2025-10-14,Pembroke Hill,2,St. Michael the Archangel,1
2025-10-14,Boonville,0,St. Paul Lutheran (Concordia),1
2025-10-14,Pacific,9,St. Paul Lutheran (Farmington),0
2025-10-14,Liberty North,4,Staley,0
2025-10-14,Fredericktown,1,Webb City,2
2025-10-14,Van Horn,2,Summit Christian Academy,1
2025-10-14,Francis Howell Central,3,Timberland,2
2025-10-14,Clinton,2,Warrensburg,3
2025-10-14,St. Charles,2,Warrenton,3
2025-10-14,Kickapoo,4,Waynesville,0
2025-10-14,Willard,2,Webb City,1
2025-10-14,Marshfield,0,West Plains,4
2025-10-14,Ruskin,6,William Chrisman,1
2025-10-15,Mehlville,1,Bayless,2
2025-10-15,Gateway Science Charter,2,Brentwood,3
2025-10-15,Benton,1,Cameron,0
2025-10-15,Parkview,1,Fair Grove,0
2025-10-15,Belton,1,Fort Osage,2
2025-10-15,Webster Groves,3,Fox,0
2025-10-15,St. Charles,3,Grain Valley,6
2025-10-15,Kearney,3,Grandview,1
2025-10-15,Greenwood,3,Hillcrest,2
2025-10-15,Central (Cape Girardeau),0,Kennett,1
2025-10-15,Clinton,8,Knob Noster,0
2025-10-15,SLUH,2,Ladue Horton Watkins,0
2025-10-15,Savannah,8,Lafayette (St. Joseph),0
2025-10-15,Festus,1,Maplewood-Richmond Hts.,5
2025-10-15,MICDS,0,Northwest (Cedar Hill),2
2025-10-15,De Smet Jesuit,2,Oakville,0
2025-10-15,Hillsboro,3,Parkway North,4
2025-10-15,William Chrisman,1,Platte County,2
2025-10-15,Ruskin,1,Raytown,5
2025-10-15,Smithville,5,Raytown South,0
2025-10-15,St. Francis Borgia,3,Ritenour,0
2025-10-15,Excelsior Springs,3,Winnetonka,2
2025-10-15,Union,6,Wright City,1
2025-10-16,Parkway North,2,Affton,10
2025-10-16,Summit Christian Academy,7,Barstow,1
2025-10-16,Fatima,2,Belle,0
2025-10-16,Raytown,4,Belton,3
2025-10-16,Chillicothe,0,Benton,8
2025-10-16,Lafayette (St. Joseph),3,Bishop LeBlond,2
2025-10-16,Blue Springs South,3,Blue Springs,0
2025-10-16,Bolivar,5,Branson,0
2025-10-16,Metro,7,Brentwood,1
2025-10-16,Odessa,3,Cameron,1
2025-10-16,Kirksville,8,Canton,0
2025-10-16,Christian Fellowship Sr.,2,Capital City,1
2025-10-16,Joplin,0,Carthage,2
2025-10-16,Carl Junction,5,Cassville,4
2025-10-16,Ozark,2,Central (Springfield),0
2025-10-16,Notre Dame (Cape Girardeau),6,DeSoto,2
2025-10-16,Crocker,5,Eugene,0
2025-10-16,Harrisonville,1,Fort Osage,2
2025-10-16,Ft. Zumwalt North,1,Francis Howell,4
2025-10-16,Ft. Zumwalt East,0,Francis Howell Central,1
2025-10-16,St. Pius X (Festus),1,Fredericktown,0
2025-10-16,Ft. Zumwalt West,3,Ft. Zumwalt South,2
2025-10-16,Southern Boone,8,Fulton,1
2025-10-16,Nixa,1,Glendale,5
2025-10-16,Northland Christian,1,Guadalupe Centers Charter,4
2025-10-16,Mexico,1,Hannibal,5
2025-10-16,Dixon,3,Iberia,0
2025-10-16,Camdenton,5,Jefferson City,1
2025-10-16,Roosevelt,8,Jennings,0
2025-10-16,Vianney,2,John Burroughs,1
2025-10-16,Republic,3,Kickapoo,1
2025-10-16,Sacred Heart,1,La Monte,0
2025-10-16,Lafayette (Wildwood),0,Ladue Horton Watkins,4
2025-10-16,Waynesville,1,Lebanon,0
2025-10-16,Raymore-Peculiar,1,Lee's Summit,5
2025-10-16,Liberty North,3,Lee's Summit North,7
2025-10-16,Staley,0,Lee's Summit West,1
2025-10-16,Park Hill South,0,Liberty,1
2025-10-16,St. Charles,0,Liberty (Wentzville),9
2025-10-16,Northeast (Kansas City),3,Lincoln College Prep,2
2025-10-16,Priory,4,Lutheran South,1
2025-10-16,Rockwood Summit,0,Marquette,2
2025-10-16,Aurora,0,Marshfield,2
2025-10-16,Savannah,2,Maryville,4
2025-10-16,Logan-Rogersville,2,Monett,1
2025-10-16,Central (St. Joseph),1,North Kansas City,2
2025-10-16,Francis Howell North,2,North Point,1
2025-10-16,St. Paul Lutheran (Concordia),1,Oak Grove,2
2025-10-16,Timberland,3,Orchard Farm,0
2025-10-16,Father Tolton,5,Osage,0
2025-10-16,Lutheran St. Charles,2,Pacific,0
2025-10-16,Oak Park,2,Park Hill,4
2025-10-16,Springfield Catholic,6,Parkway Central,2
2025-10-16,Frontier STEM,3,Paseo Academy,1
2025-10-16,Farmington,1,Perryville,0
2025-10-16,Lone Jack,0,Pleasant Hill,4
2025-10-16,Central (Cape Girardeau),3,Poplar Bluff,1
2025-10-16,Rock Bridge,3,Savannah,0
2025-10-16,Moberly,4,Smithton,0
2025-10-16,Grandview,0,Smithville,2
2025-10-16,Windsor (Imperial),2,Webb City,4
2025-10-16,Warrenton,3,Troy Buchanan,8
2025-10-16,Hazelwood East,0,University City,1
2025-10-16,St. Michael the Archangel,0,Van Horn,5
2025-10-16,Marshall,2,Warrensburg,0
2025-10-16,Winfield,2,Washington,3
2025-10-16,Parkview,1,Webb City,2
2025-10-16,St. Dominic,0,Westminster Christian Academy,1
2025-10-16,Neosho,0,Willard,3
2025-10-17,Principia,3,Barstow,0
2025-10-17,Northwest (Cedar Hill),2,Bayless,1
2025-10-17,Veritas Christian Academy,3,Bishop DuBourg,2
2025-10-17,Webster Groves,3,Capital City,0
2025-10-17,Lindbergh,0,Chaminade College Prep,2
2025-10-17,Parkway West,4,Clayton,1
2025-10-17,Greenwood,2,Fair Grove,1
2025-10-17,Rockhurst,4,Glendale,0
2025-10-17,Whitfield,8,Lutheran North,0
2025-10-17,Metro,7,Maplewood-Richmond Hts.,2
2025-10-17,MICDS,3,Mehlville,2
2025-10-17,Central (Springfield),1,Nixa,2
2025-10-17,Springfield Catholic,3,Rockwood Summit,2
2025-10-17,Knob Noster,0,Sacred Heart,6
2025-10-17,Webster Groves,0,St. Francis Borgia,3
2025-10-17,St. Pius X (Kansas City),5,St. Pius X (Festus),3
2025-10-18,Notre Dame (Cape Girardeau),1,Priory,2
2025-10-18,Ozark,0,Rockhurst,8
2025-10-18,Principia,0,Summit Christian Academy,1
2025-10-18,Bolivar,1,West Plains,0
2025-10-20,Lindbergh,3,Bayless,0
2025-10-20,St. Charles,1,Belton,0
2025-10-20,Gateway Science Charter,2,Bishop DuBourg,3
2025-10-20,Rockhurst,6,Blue Springs South,0
2025-10-20,Warrensburg,3,Cameron,1
2025-10-20,Center,3,Cristo Rey,4
2025-10-20,Maplewood-Richmond Hts.,7,Crossroads College Preparatory,0
2025-10-20,St. Charles,7,Duchesne,1
2025-10-20,Dixon,5,Eugene,0
2025-10-20,Raytown South,0,Excelsior Springs,8
2025-10-20,Mehlville,0,Farmington,1
2025-10-20,Camdenton,1,Father Tolton,6
2025-10-20,North County,1,Festus,0
2025-10-20,Raytown,0,Fort Osage,5
2025-10-20,Parkway South,2,Fox,0
2025-10-20,Perryville,8,Fredericktown,0
2025-10-20,Timberland,1,Ft. Zumwalt West,5
2025-10-20,Smithville,8,Grandview,0
2025-10-20,Washington,3,Holt,0
2025-10-20,Willard,2,Iberia,0
2025-10-20,Poplar Bluff,0,Jackson,1
2025-10-20,McDonald County,6,Joplin,5
2025-10-20,Dexter,5,Kennett,2
2025-10-20,Lone Jack,8,Knob Noster,0
2025-10-20,Northwest (Cedar Hill),1,Lafayette (Wildwood),0
2025-10-20,Fair Grove,4,Lebanon,3
2025-10-20,Moberly,4,Mexico,1
2025-10-20,Springfield Catholic,7,Monett,1
2025-10-20,Park Hill,1,North Kansas City,2
2025-10-20,Sikeston,0,Notre Dame (Cape Girardeau),7
2025-10-20,MICDS,1,Pattonville,3
2025-10-20,Ruskin,1,Platte County,2
2025-10-20,Brentwood,0,Ritenour,6
2025-10-20,Windsor (Imperial),0,Seckman,1
2025-10-20,Kirkwood,1,St. Dominic,2
2025-10-20,Whitfield,3,Webster Groves,7
2025-10-20,Chillicothe,0,St. Pius X (Kansas City),9
2025-10-20,Carl Junction,0,Van Horn,2
2025-10-20,Bolivar,1,West Plains,0
2025-10-20,Grain Valley,8,William Chrisman,0
2025-10-20,Webb City,2,Winfield,0
2025-10-20,Kearney,2,Winnetonka,0
2025-10-21,Cassville,8,Aurora,2
2025-10-21,St. Pius X (Festus),1,Bayless,2
2025-10-21,Savannah,8,Bishop LeBlond,0
2025-10-21,Lee's Summit North,1,Blue Springs South,2
2025-10-21,Logan-Rogersville,2,Bolivar,1
2025-10-21,Missouri Military Academy,3,Boonville,1
2025-10-21,Warrensburg,2,Center,3
2025-10-21,DeSoto,0,Central (Cape Girardeau),8
2025-10-21,Parkview,0,Central (Springfield),1
2025-10-21,Liberty,6,Central (St. Joseph),0
2025-10-21,Kirksville,5,Chillicothe,0
2025-10-21,Orchard Farm,1,Clayton,0
2025-10-21,Oak Grove,2,Clinton,3
2025-10-21,SLUH,5,De Smet Jesuit,1
2025-10-21,Paseo Academy,0,East (Kansas City),8
2025-10-21,Hillsboro,8,Festus,2
2025-10-21,North Point,0,Francis Howell,5
2025-10-21,Christian Brothers College,5,Francis Howell North,2
2025-10-21,Frontier School of Excellence Charter,3,Frontier STEM,1
2025-10-21,Hannibal,6,Fulton,0
2025-10-21,Maplewood-Richmond Hts.,2,Hancock,3
2025-10-21,Osage,0,Helias Catholic,4
2025-10-21,West Plains,1,Hillcrest,0
2025-10-21,Ft. Zumwalt East,8,Holt,0
2025-10-21,STEAM Academy,1,Jennings,0
2025-10-21,Willard,1,Joplin,0
2025-10-21,Sikeston,8,Kennett,0
2025-10-21,Lebanon,3,Kickapoo,5
2025-10-21,Lutheran (Kansas City),2,La Monte,1
2025-10-21,Rockwood Summit,1,Liberty (Wentzville),3
2025-10-21,Lee's Summit West,1,Liberty North,6
2025-10-21,Hazelwood East,0,Lutheran North,5
2025-10-21,Pacific,1,Lutheran South,3
2025-10-21,Ft. Zumwalt North,0,Lutheran St. Charles,1
2025-10-21,Lindbergh,1,Marquette,2
2025-10-21,Rock Bridge,2,Marshall,1
2025-10-21,Carl Junction,4,Marshfield,0
2025-10-21,McDonald County,3,Monett,4
2025-10-21,Greenwood,1,New Covenant Academy,2
2025-10-21,Guadalupe Centers Charter,0,Northeast (Kansas City),6
2025-10-21,Vianney,1,Oakville,2
2025-10-21,Webb City,1,Ozark,2
2025-10-21,Oak Park,0,Park Hill South,8
2025-10-21,St. Charles,0,Parkway North,4
2025-10-21,Affton,3,Parkway South,2
2025-10-21,Ladue Horton Watkins,5,Parkway West,3
2025-10-21,Barstow,0,Pembroke Hill,5
2025-10-21,Harrisonville,6,Pleasant Hill,1
2025-10-21,St. Charles West,1,Principia,0
2025-10-21,John Burroughs,2,Priory,1
2025-10-21,Blue Springs,2,Raymore-Peculiar,1
2025-10-21,Carthage,2,Republic,1
2025-10-21,St. Paul Lutheran (Concordia),0,Sacred Heart,2
2025-10-21,Ritenour,0,Seckman,5
2025-10-21,Capital City,0,Savannah,1
2025-10-21,Eureka,1,St. Francis Borgia,2
2025-10-21,Summit Christian Academy,3,St. Michael the Archangel,2
2025-10-21,Windsor (Imperial),8,St. Paul Lutheran (Farmington),0
2025-10-21,Lafayette (St. Joseph),0,St. Pius X (Kansas City),8
2025-10-21,Lee's Summit,2,Staley,0
2025-10-21,Brentwood,0,Webb City,5
2025-10-21,Fair Grove,5,Thomas Jefferson Independent Day,1
2025-10-21,Washington,0,Troy Buchanan,4
2025-10-21,Lincoln College Prep,0,Van Horn,5
2025-10-21,Warrenton,0,Veritas Christian Academy,5
2025-10-21,Glendale,8,Waynesville,0
2025-10-21,Parkway Central,1,Webster Groves,0
2025-10-21,Mexico,4,Wright City,2
2025-10-22,Cameron,2,Benton,1
2025-10-22,Fredericktown,2,Central (Cape Girardeau),5
2025-10-22,Valley Park,9,Crossroads College Preparatory,1
2025-10-22,Hickman,1,Helias Catholic,2
2025-10-22,STEAM Academy,1,Jennings,0
2025-10-22,Lafayette (Wildwood),4,Mehlville,1
2025-10-22,Roosevelt,2,Metro,3
2025-10-22,Gateway Science Charter,3,North County,0
2025-10-22,Ritenour,0,Pattonville,1
2025-10-22,Belton,1,Platte County,2
2025-10-22,Grain Valley,3,Raytown,0
2025-10-22,Grandview,5,Raytown South,0
2025-10-22,Fort Osage,8,Ruskin,0
2025-10-22,Kearney,0,Smithville,1
2025-10-22,Odessa,0,St. Paul Lutheran (Concordia),1
2025-10-22,Duchesne,0,Timberland,8
2025-10-22,William Chrisman,0,St. Charles,4
2025-10-22,Westminster Christian Academy,8,Whitfield,0
2025-10-23,St. Michael the Archangel,4,Barstow,1
2025-10-23,Westminster Christian Academy,2,Bishop DuBourg,0
2025-10-23,Staley,2,Blue Springs,4
2025-10-23,Raymore-Peculiar,1,Blue Springs South,2
2025-10-23,Aurora,0,Bolivar,7
2025-10-23,Christian Fellowship Sr.,5,Boonville,1
2025-10-23,Hillcrest,1,Camdenton,6
2025-10-23,Excelsior Springs,3,Center,4
2025-10-23,Waynesville,1,Central (Springfield),0
2025-10-23,Priory,0,Chaminade College Prep,2
2025-10-23,SLUH,4,Christian Brothers College,0
2025-10-23,Northwest (Cedar Hill),0,Clayton,1
2025-10-23,Lebanon,1,Dixon,1
2025-10-23,Lincoln College Prep,3,East (Kansas City),0
2025-10-23,Calvary Lutheran,5,Eugene,0
2025-10-23,MICDS,0,Eureka,5
2025-10-23,Lone Jack,1,Faith Christian Academy,0
2025-10-23,Parkway Central,4,Francis Howell North,3
2025-10-23,Festus,0,Fredericktown,8
2025-10-23,Ft. Zumwalt West,4,Ft. Zumwalt North,0
2025-10-23,St. Dominic,3,Ft. Zumwalt South,0
2025-10-23,Moberly,7,Fulton,3
2025-10-23,Winnetonka,2,Grandview,3
2025-10-23,Cassville,0,Greenwood,1
2025-10-23,Odessa,0,Harrisonville,6
2025-10-23,Sikeston,4,Hillsboro,5
2025-10-23,Glendale,1,Kickapoo,0
2025-10-23,Willard,1,La Monte,3
2025-10-23,Maryville,7,Lafayette (St. Joseph),0
2025-10-23,Liberty North,3,Lee's Summit,0
2025-10-23,Lee's Summit North,3,Lee's Summit West,0
2025-10-23,North Kansas City,0,Liberty,2
2025-10-23,Holt,0,Liberty (Wentzville),8
2025-10-23,Knob Noster,0,Lutheran (Kansas City),3
2025-10-23,Ft. Zumwalt East,3,Lutheran St. Charles,1
2025-10-23,Kirkwood,0,Marquette,2
2025-10-23,Father Tolton,0,Marshall,1
2025-10-23,Troy Buchanan,2,North Point,1
2025-10-23,Frontier STEM,1,Northland Christian,3
2025-10-23,Savannah,2,Oak Grove,0
2025-10-23,Central (St. Joseph),0,Oak Park,5
2025-10-23,Fatima,1,Osage,4
2025-10-23,Nixa,2,Ozark,1
2025-10-23,Joplin,2,Parkview,4
2025-10-23,Pattonville,0,Parkway North,1
2025-10-23,Francis Howell,1,Parkway South,0
2025-10-23,Oakville,2,Parkway West,1
2025-10-23,Northeast (Kansas City),12,Paseo Academy,0
2025-10-23,Van Horn,2,Pembroke Hill,1
2025-10-23,Central (Cape Girardeau),3,Perryville,2
2025-10-23,De Smet Jesuit,2,Rockwood Summit,1
2025-10-23,Fox,1,Seckman,4
2025-10-23,West Plains,0,Springfield Catholic,8
2025-10-23,Wright City,1,St. Charles,9
2025-10-23,Rolla,1,St. Francis Borgia,4
2025-10-23,Kennett,4,St. Paul Lutheran (Farmington),0
2025-10-23,Lutheran South,3,St. Pius X (Festus),0
2025-10-23,Benton,3,St. Pius X (Kansas City),7
2025-10-23,St. Charles West,5,STEAM Academy,0
2025-10-23,Valley Park,1,Webb City,2
2025-10-23,Clinton,0,Summit Christian Academy,3
2025-10-23,Pacific,4,Union,1
2025-10-23,Ritenour,0,University City,2
2025-10-23,Webster Groves,2,Vianney,1
2025-10-23,Capital City,6,Warrensburg,0
2025-10-23,Hannibal,1,Warrenton,0
2025-10-23,Veritas Christian Academy,1,Washington,0
2025-10-23,Neosho,2,Webb City,1
2025-10-23,Republic,0,Willard,2
2025-10-24,Branson,2,Capital City,3
2025-10-24,Fredericktown,1,DeSoto,2
2025-10-24,Belle,0,Dixon,8
2025-10-24,St. Charles West,8,Duchesne,1
2025-10-24,Jackson,2,Farmington,1
2025-10-24,Park Hill South,9,Hickman,1
2025-10-24,Smithton,2,Iberia,1
2025-10-24,Principia,1,John Burroughs,2
2025-10-24,Gateway Science Charter,3,Maplewood-Richmond Hts.,2
2025-10-24,Whitfield,3,MICDS,4
2025-10-24,Fair Grove,2,New Covenant Academy,1
2025-10-24,Ladue Horton Watkins,5,Parkway Central,1
2025-10-24,Bishop DuBourg,5,Webster Groves,4
2025-10-25,Rolla,0,De Smet Jesuit,4
2025-10-25,Moberly,0,Father Tolton,2
2025-10-25,Marshall,2,Hannibal,0
2025-10-25,Branson,3,Jefferson City,1
2025-10-25,Fulton,1,Kirksville,4
2025-10-25,Lee's Summit North,0,Lee's Summit,4
2025-10-25,Rock Bridge,3,Park Hill South,2
2025-10-25,Notre Dame (Cape Girardeau),1,Priory,2
2025-10-25,SLUH,2,Vianney,3
2025-10-25,Union,1,Washington,0
2025-10-27,Lafayette (St. Joseph),0,Cameron,3
2025-10-27,Monett,1,Carl Junction,2
2025-10-27,Clinton,3,Cassville,1
2025-10-27,Bishop LeBlond,0,Chillicothe,4
2025-10-27,Ft. Zumwalt South,1,Christian Brothers College,2
2025-10-27,Father Tolton,6,Christian Fellowship Sr.,1
2025-10-27,Platte County,2,Fort Osage,3
2025-10-27,Ft. Zumwalt North,2,Francis Howell Central,4
2025-10-27,Sikeston,0,Fredericktown,2
2025-10-27,Parkway Central,1,Ft. Zumwalt East,6
2025-10-27,Calvary Lutheran,4,Iberia,5
2025-10-27,Grandview,3,Kearney,1
2025-10-27,Oakville,2,Lafayette (Wildwood),3
2025-10-27,Marshfield,1,Lebanon,3
2025-10-27,Ladue Horton Watkins,2,Lindbergh,1
2025-10-27,Ozark,2,Logan-Rogersville,1
2025-10-27,La Monte,0,Lone Jack,4
2025-10-27,Kirksville,1,Marshall,2
2025-10-27,Hillsboro,2,Mehlville,4
2025-10-27,Canton,1,Mexico,4
2025-10-27,Dixon,1,New Covenant Academy,3
2025-10-27,Poplar Bluff,7,North County,0
2025-10-27,St. Charles,0,Northwest (Cedar Hill),5
2025-10-27,North Kansas City,0,Oak Park,1
2025-10-27,Pattonville,1,Parkway West,2
2025-10-27,Belton,3,Raytown,6
2025-10-27,Winnetonka,2,Raytown South,0
2025-10-27,St. Charles,5,Ruskin,1
2025-10-27,Excelsior Springs,2,Smithville,1
2025-10-27,Sacred Heart,0,Southern Boone,1
2025-10-27,Brentwood,1,St. Charles West,7
2025-10-27,Chaminade College Prep,0,St. Dominic,4
2025-10-27,Bishop DuBourg,0,St. Francis Borgia,2
2025-10-27,Smithton,1,St. Paul Lutheran (Concordia),4
2025-10-27,Valley Park,2,St. Pius X (Festus),1
2025-10-27,Crocker,5,Willard,4
2025-10-27,Holt,1,Timberland,8
2025-10-27,Union,2,Warrenton,6
2025-10-27,Veritas Christian Academy,0,Westminster Christian Academy,1
2025-10-27,Pacific,5,Windsor (Imperial),0
2025-10-28,Oakville,2,Bayless,1
2025-10-28,Camdenton,1,Bolivar,2
2025-10-28,Rock Bridge,2,Capital City,1
2025-10-28,St. Paul Lutheran (Concordia),3,Clinton,0
2025-10-28,Seckman,2,DeSoto,1
2025-10-28,North Point,3,Duchesne,1
2025-10-28,Boonville,5,Eugene,0
2025-10-28,Sacred Heart,4,Fatima,2
2025-10-28,Mehlville,9,Fox,1
2025-10-28,Parkway Central,1,Ft. Zumwalt East,6
2025-10-28,Osage,3,Fulton,5
2025-10-28,Center,0,Harrisonville,1
2025-10-28,Branson,3,Hillcrest,0
2025-10-28,Webb City,2,Joplin,3
2025-10-28,Perryville,9,Kennett,1
2025-10-28,Central (Springfield),1,Kickapoo,5
2025-10-28,Raymore-Peculiar,0,Lee's Summit North,8
2025-10-28,Lee's Summit,2,Lee's Summit West,3
2025-10-28,Blue Springs,0,Liberty North,3
2025-10-28,Frontier STEM,0,Lone Jack,8
2025-10-28,Francis Howell,3,Marquette,0
2025-10-28,Kirksville,1,Marshall,2
2025-10-28,Logan-Rogersville,8,Marshfield,0
2025-10-28,Helias Catholic,8,Moberly,1
2025-10-28,Neosho,0,Nixa,4
2025-10-28,Lutheran South,8,North County,0
2025-10-28,Park Hill South,3,North Kansas City,1
2025-10-28,Warrensburg,2,Oak Grove,0
2025-10-28,Liberty,5,Oak Park,0
2025-10-28,Pleasant Hill,4,Odessa,1
2025-10-28,Central (St. Joseph),1,Park Hill,2
2025-10-28,Principia,0,Priory,4
2025-10-28,Parkview,0,Republic,1
2025-10-28,Eureka,2,Rockwood Summit,4
2025-10-28,Grain Valley,9,Ruskin,1
2025-10-28,Smithton,0,Southern Boone,8
2025-10-28,New Covenant Academy,0,Springfield Catholic,8
2025-10-28,Parkway North,3,St. Charles West,2
2025-10-28,Farmington,5,St. Paul Lutheran (Farmington),1
2025-10-28,St. Michael the Archangel,2,St. Pius X (Kansas City),3
2025-10-28,Blue Springs South,1,Staley,0
2025-10-28,Festus,0,Webb City,4
2025-10-28,Pembroke Hill,1,Summit Christian Academy,0
2025-10-28,McDonald County,8,Thomas Jefferson Independent Day,0
2025-10-28,Webster Groves,8,University City,0
2025-10-28,Barstow,0,Van Horn,8
2025-10-28,Clayton,3,Vianney,2
2025-10-28,Ozark,3,Waynesville,0
2025-10-28,Carthage,2,Willard,1
2025-10-28,Veritas Christian Academy,6,Winfield,2
2025-10-29,Northwest (Cedar Hill),1,Affton,0
2025-10-29,Savannah,2,Chillicothe,0
2025-10-29,Lindbergh,0,De Smet Jesuit,1
2025-10-29,Eureka,1,Farmington,0
2025-10-29,Wright City,1,Festus,3
2025-10-29,Ft. Zumwalt South,2,Francis Howell Central,3
2025-10-29,Ft. Zumwalt East,0,Ft. Zumwalt West,1
2025-10-29,Platte County,0,Grain Valley,8
2025-10-29,Excelsior Springs,2,Grandview,1
2025-10-29,Father Tolton,8,Jefferson City,0
2025-10-29,Parkway West,4,Kirkwood,2
2025-10-29,Oak Grove,6,Knob Noster,0
2025-10-29,Westminster Christian Academy,0,Ladue Horton Watkins,1
2025-10-29,Parkway South,2,Lafayette (Wildwood),1
2025-10-29,Holt,0,North Point,5
2025-10-29,Kearney,4,Raytown South,0
2025-10-29,St. Michael the Archangel,3,Savannah,2
2025-10-29,Washington,1,St. Charles,2
2025-10-29,John Burroughs,1,St. Dominic,2
2025-10-29,Lutheran St. Charles,1,St. Francis Borgia,2
2025-10-29,Troy Buchanan,2,Timberland,3
2025-10-29,Raytown,2,St. Charles,6
2025-10-29,Webb City,3,Warrenton,5
2025-10-29,Belton,0,William Chrisman,1
2025-10-29,North County,0,Windsor (Imperial),6
2025-10-29,Smithville,3,Winnetonka,1
2025-10-30,Lee's Summit West,0,Blue Springs,1
2025-10-30,Liberty North,5,Blue Springs South,2
2025-10-30,Monett,1,Branson,0
2025-10-30,West Plains,1,Carl Junction,0
2025-10-30,Park Hill South,5,Central (St. Joseph),0
2025-10-30,Faith Christian Academy,3,Cristo Rey,0
2025-10-30,Iberia,0,Crocker,6
2025-10-30,Kirksville,8,Fulton,0
2025-10-30,Lebanon,0,Glendale,8
2025-10-30,Central (Springfield),1,Joplin,0
2025-10-30,Center,0,Lincoln College Prep,6
2025-10-30,Willard,1,Lone Jack,4
2025-10-30,Boonville,0,Moberly,6
2025-10-30,Parkview,2,Neosho,1
2025-10-30,Jackson,2,Notre Dame (Cape Girardeau),0
2025-10-30,North Kansas City,0,Oak Park,1
2025-10-30,Lutheran (Kansas City),0,Odessa,3
2025-10-30,Eugene,1,Osage,9
2025-10-30,Liberty,2,Park Hill,1
2025-10-30,Harrisonville,1,Pembroke Hill,8
2025-10-30,Staley,2,Raymore-Peculiar,1
2025-10-30,Savannah,6,Ruskin,2
2025-10-30,Ft. Zumwalt North,0,Veritas Christian Academy,2
2025-10-30,Capital City,6,Waynesville,0
2025-11-01,Crossroads College Preparatory,1,Cardinal Ritter,0
2025-11-01,Fredericktown,5,North County,1
2025-11-01,Webb City,10,Dexter,0
2025-11-01,St. Pius X (Festus),8,Kennett,0
2025-11-01,Principia,8,Jennings,0
2025-11-01,St. Charles West,1,Winfield,0
2025-11-01,Orchard Farm,7,Wright City,1
2025-11-01,St. Charles,1,Duchesne,2
2025-11-01,Moberly,3,Missouri Military Academy,1
2025-11-01,Kirksville,8,Fulton,0
2025-11-01,Southern Boone,2,Mexico,1
2025-11-01,Springfield Catholic,11,Aurora,1
2025-11-01,Bolivar,5,New Covenant Academy,0
2025-11-01,Monett,2,Cassville,0
2025-11-01,Odessa,3,Oak Grove,4
2025-11-01,Center,8,Paseo Academy,0
2025-11-01,Savannah,8,Benton,3
2025-11-01,Smithville,8,Lafayette (St. Joseph),0
2025-11-01,Maryville,3,Chillicothe,0
2025-11-01,Chaminade College Prep,8,Whitfield,0
2025-11-01,Parkway Central,3,John Burroughs,1
2025-11-01,Westminster Christian Academy,8,University City,0
2025-11-01,Priory,7,MICDS,0
2025-11-01,Ft. Zumwalt West,4,Hickman,0
2025-11-01,Timberland,3,Troy Buchanan,2
2025-11-01,Liberty (Wentzville),8,North Point,0
2025-11-01,Glendale,8,Waynesville,0
2025-11-01,Republic,1,Branson,0
2025-11-01,Nixa,6,Rolla,0
2025-11-01,Ozark,3,Kickapoo,1
2025-11-01,Rockhurst,8,Neosho,0
2025-11-01,Carthage,2,Lee's Summit,1
2025-11-01,Lee's Summit North,8,Joplin,0
2025-11-01,Lee's Summit West,2,Raymore-Peculiar,1
2025-11-01,Rock Bridge,5,North Kansas City,1
2025-11-01,Fort Osage,1,Grain Valley,3
2025-11-01,Blue Springs South,3,St. Charles,0
2025-11-01,Savannah,1,Blue Springs,0
2025-11-03,Metro,7,Crossroads College Preparatory,1
2025-11-03,Maplewood-Richmond Hts.,4,Brentwood,5
2025-11-03,Eugene,2,Iberia,1
2025-11-03,Calvary Lutheran,0,Belle,3
2025-11-03,Fair Grove,2,Crocker,1
2025-11-03,Greenwood,5,Thomas Jefferson Independent Day,0
2025-11-03,Frontier School of Excellence Charter,1,Lutheran (Kansas City),2
2025-11-03,Cameron,8,Bishop LeBlond,0
2025-11-03,Lutheran South,3,Roosevelt,1
2025-11-03,Clayton,4,Bishop DuBourg,0
2025-11-03,West Plains,6,DeSoto,2
2025-11-03,Central (Cape Girardeau),2,Sikeston,1
2025-11-03,Poplar Bluff,7,Hillsboro,0
2025-11-03,Rockwood Summit,8,Festus,0
2025-11-03,Mehlville,6,Union,0
2025-11-03,Webster Groves,3,Windsor (Imperial),0
2025-11-03,Willard,3,Marshfield,0
2025-11-03,Central (Springfield),0,Webb City,1
2025-11-03,Carl Junction,2,Hillcrest,1
2025-11-03,McDonald County,1,Parkview,4
2025-11-03,Pembroke Hill,8,Raytown South,1
2025-11-03,Belton,5,Grandview,1
2025-11-03,St. Michael the Archangel,7,William Chrisman,0
2025-11-03,Raytown,8,Ruskin,0
2025-11-03,Van Horn,8,Winnetonka,0
2025-11-03,St. Pius X (Kansas City),4,East (Kansas City),5
2025-11-03,Northeast (Kansas City),6,Guadalupe Centers Charter,0
2025-11-03,Lincoln College Prep,9,Kearney,1
2025-11-03,Christian Brothers College,4,Ritenour,0
2025-11-03,Francis Howell,4,Francis Howell North,2
2025-11-03,De Smet Jesuit,1,Ft. Zumwalt North,0
2025-11-03,Francis Howell Central,4,Pattonville,1
2025-11-03,Park Hill South,5,Oak Park,0
2025-11-03,Staley,1,Park Hill,0
2025-11-03,Liberty,6,Central (St. Joseph),0
2025-11-03,Liberty North,9,Platte County,1
2025-11-04,Gateway Science Charter,8,St. Paul Lutheran (Farmington),0
2025-11-04,Sacred Heart,4,Smithton,0
2025-11-04,Willard,2,La Monte,0
2025-11-04,Perryville,5,Fredericktown,0
2025-11-04,Webb City,0,St. Pius X (Festus),7
2025-11-04,Principia,3,St. Charles West,0
2025-11-04,Orchard Farm,3,Duchesne,1
2025-11-04,Father Tolton,5,Moberly,0
2025-11-04,Kirksville,2,Southern Boone,3
2025-11-04,Springfield Catholic,3,Bolivar,0
2025-11-04,Logan-Rogersville,1,Monett,0
2025-11-04,Osage,2,St. Paul Lutheran (Concordia),1
2025-11-04,Helias Catholic,8,Knob Noster,0
2025-11-04,Clinton,4,Boonville,0
2025-11-04,Pleasant Hill,5,Oak Grove,4
2025-11-04,Center,0,Harrisonville,1
2025-11-04,Excelsior Springs,6,Savannah,2
2025-11-04,Smithville,4,Maryville,5
2025-11-04,Chaminade College Prep,1,Parkway Central,0
2025-11-04,Ft. Zumwalt East,8,Hazelwood East,0
2025-11-04,Parkway North,0,Hannibal,2
2025-11-04,Ft. Zumwalt South,6,Holt,0
2025-11-04,Lutheran St. Charles,2,Warrenton,1
2025-11-04,Summit Christian Academy,8,Lebanon,0
2025-11-04,St. Francis Borgia,2,Washington,1
2025-11-04,Capital City,5,Warrensburg,0
2025-11-04,Camdenton,2,Jefferson City,0
2025-11-04,Oakville,6,Fox,1
2025-11-04,Northwest (Cedar Hill),3,Lindbergh,2
2025-11-04,Jackson,3,Seckman,0
2025-11-04,Vianney,3,Farmington,1
2025-11-04,SLUH,1,Eureka,0
2025-11-04,Kirkwood,2,Marquette,1
2025-11-04,Ladue Horton Watkins,1,Parkway South,0
2025-11-04,Parkway West,1,Lafayette (Wildwood),0
2025-11-04,Rockhurst,6,Carthage,1
2025-11-04,Lee's Summit North,3,Lee's Summit West,0
2025-11-04,Rock Bridge,5,Grain Valley,4
2025-11-04,Blue Springs South,3,Savannah,2
2025-11-05,Metro,6,Brentwood,1
2025-11-05,Dixon,2,Greenwood,4
2025-11-05,Barstow,4,Lutheran (Kansas City),1
2025-11-05,Lone Jack,5,Cristo Rey,0
2025-11-05,Faith Christian Academy,2,Cameron,1
2025-11-05,Frontier STEM,0,Northland Christian,5
2025-11-05,Affton,1,Lutheran South,0
2025-11-05,Clayton,0,Bayless,1
2025-11-05,Westminster Christian Academy,0,Priory,2
2025-11-05,Pembroke Hill,4,Belton,0
2025-11-05,St. Michael the Archangel,3,Raytown,2
2025-11-05,Ft. Zumwalt West,1,Timberland,0
2025-11-05,St. Dominic,2,Liberty (Wentzville),0
2025-11-05,Glendale,2,Republic,0
2025-11-05,Nixa,4,Ozark,3
2025-11-05,Park Hill South,4,Staley,2
2025-11-05,Liberty,0,Liberty North,3
2025-11-06,Webster Groves,3,Gateway Science Charter,0
2025-11-06,Valley Park,1,Hancock,0
2025-11-06,Veritas Christian Academy,4,Canton,1
2025-11-06,Lutheran North,1,STEAM Academy,0
2025-11-06,Christian Fellowship Sr.,5,Eugene,1
2025-11-06,Fatima,6,Belle,0
2025-11-06,Sacred Heart,3,Willard,4
2025-11-06,Perryville,3,St. Pius X (Festus),2
2025-11-06,Principia,2,Orchard Farm,1
2025-11-06,Father Tolton,2,Southern Boone,1
2025-11-06,Springfield Catholic,4,Logan-Rogersville,0
2025-11-06,Marshall,3,Osage,0
2025-11-06,Helias Catholic,4,Clinton,2
2025-11-06,Pleasant Hill,0,Harrisonville,2
2025-11-06,Excelsior Springs,1,Maryville,2
2025-11-06,Notre Dame (Cape Girardeau),1,West Plains,0
2025-11-06,Central (Cape Girardeau),0,Poplar Bluff,4
2025-11-06,Rockwood Summit,4,Mehlville,2
2025-11-06,Webster Groves,5,Pacific,0
2025-11-06,Ft. Zumwalt East,8,Hannibal,0
2025-11-06,Ft. Zumwalt South,3,Lutheran St. Charles,2
2025-11-06,Summit Christian Academy,1,St. Francis Borgia,0
2025-11-06,Capital City,2,Camdenton,1
2025-11-06,Willard,0,Webb City,1
2025-11-06,Carl Junction,1,Parkview,0
2025-11-06,Van Horn,3,East (Kansas City),1
2025-11-06,Northeast (Kansas City),2,Lincoln College Prep,4
2025-11-06,Oakville,5,Northwest (Cedar Hill),1
2025-11-06,Jackson,0,Vianney,1
2025-11-06,SLUH,1,Kirkwood,0
2025-11-06,Christian Brothers College,1,Francis Howell,2
2025-11-06,De Smet Jesuit,0,Francis Howell Central,1
2025-11-06,Rockhurst,2,Lee's Summit North,1
2025-11-06,Rock Bridge,1,Blue Springs South,2
2025-11-07,Barstow,1,Lone Jack,2
2025-11-07,Affton,1,Bayless,4
2025-11-07,Pembroke Hill,0,St. Michael the Archangel,1
2025-11-07,Ladue Horton Watkins,2,Parkway West,1
2025-11-08,Rockwood Summit,2,Webster Groves,1
2025-11-08,Chaminade College Prep,2,Priory,3
2025-11-08,Summit Christian Academy,2,Capital City,0
2025-11-08,Ft. Zumwalt West,3,St. Dominic,1
2025-11-10,Christian Fellowship Sr.,0,Fatima,3
2025-11-10,Faith Christian Academy,8,Northland Christian,0
2025-11-10,Marshall,2,Helias Catholic,1
2025-11-10,Notre Dame (Cape Girardeau),3,Poplar Bluff,1
2025-11-10,Carl Junction,1,Webb City,0
2025-11-10,Van Horn,3,Lincoln College Prep,2
2025-11-10,Oakville,0,Vianney,1
2025-11-10,SLUH,2,Ladue Horton Watkins,1
2025-11-10,Francis Howell Central,0,Francis Howell,2
2025-11-10,Glendale,2,Nixa,1
2025-11-10,Park Hill South,5,Liberty North,1
2025-11-11,Veritas Christian Academy,5,Lutheran North,0
2025-11-11,Ft. Zumwalt East,2,Ft. Zumwalt South,1
2025-11-15,Metro,1,Valley Park,0
2025-11-15,Fatima,0,Veritas Christian Academy,4
2025-11-15,Faith Christian Academy,2,Lone Jack,3
2025-11-15,Bayless,0,Perryville,1
2025-11-15,Father Tolton,4,Principia,5
2025-11-15,Marshall,1,Springfield Catholic,3
2025-11-15,Maryville,2,Harrisonville,3
2025-11-15,Rockwood Summit,4,Notre Dame (Cape Girardeau),3
2025-11-15,Ft. Zumwalt East,3,Priory,2
2025-11-15,Carl Junction,0,Summit Christian Academy,5
2025-11-15,Van Horn,1,St. Michael the Archangel,0
2025-11-15,SLUH,3,Vianney,0
2025-11-15,Ft. Zumwalt West,2,Francis Howell,1
2025-11-15,Rockhurst,3,Glendale,0
2025-11-15,Park Hill South,2,Blue Springs South,1
2025-11-21,Veritas Christian Academy,2,Metro,1
2025-11-21,Principia,2,Perryville,1
2025-11-21,Harrisonville,0,Springfield Catholic,8
2025-11-21,Ft. Zumwalt East,2,Rockwood Summit,0
2025-11-21,Van Horn,3,Summit Christian Academy,1
2025-11-21,Ft. Zumwalt West,0,SLUH,1
2025-11-21,Park Hill South,0,Rockhurst,4
2025-11-22,Lone Jack,0,Veritas Christian Academy,3
2025-11-22,Springfield Catholic,2,Principia,0
2025-11-22,Harrisonville,1,Perryville,5
2025-11-22,Van Horn,4,Ft. Zumwalt East,2
2025-11-22,Summit Christian Academy,0,Rockwood Summit,6
2025-11-22,Rockhurst,0,SLUH,1
2025-11-22,Park Hill South,2,Ft. Zumwalt West,3
